code,name,description,refreshed_at,from_date,to_date
1INCHUSD,1IN/CH:USD Exchange Rate,Exchange rates on BTIFinex exchange. Updated at 7:00pm EST.,2021-07-18 23:18:52,2021-05-07,2021-07-18
1INCHUST,1IN/CH:UST Exchange Rate,Exchange rates on BTIFinex exchange. Updated at 7:00pm EST.,2021-07-18 23:18:52,2021-05-07,2021-07-18
AAABBB,AAA/BBB Exchange Rate,Exchange rates on BTIFinex exchange. Updated at 7:00pm EST.,2021-07-18 23:18:52,2020-06-24,2021-07-18
AAVEUSD,AAV/E:USD Exchange Rate,Exchange rates on BTIFinex exchange. Updated at 7:00pm EST.,2021-07-18 23:18:52,2021-02-03,2021-07-18
AAVEUST,AAV/E:UST Exchange Rate,Exchange rates on BTIFinex exchange. Updated at 7:00pm EST.,2021-07-18 23:18:52,2021-02-03,2021-07-18
ABSETH,ABS/ETH Exchange Rate,Exchange rates on BTIFinex exchange. Updated at 7:00pm EST.,2020-03-25 23:23:03,2018-08-09,2020-03-25
ABSUSD,ABS/USD Exchange Rate,Exchange rates on BTIFinex exchange. Updated at 7:00pm EST.,2020-12-15 00:17:42,2018-08-09,2020-12-14
ADABTC,ADA/BTC Exchange Rate,Exchange rates on BTIFinex exchange. Updated at 7:00pm EST.,2021-07-18 23:18:52,2020-08-06,2021-07-18
ADAF0USTF0,ADA/F0:USTF0 Exchange Rate,Exchange rates on BTIFinex exchange. Updated at 7:00pm EST.,2021-07-18 23:18:52,2021-02-03,2021-07-18
ADAUSD,ADA/USD Exchange Rate,Exchange rates on BTIFinex exchange. Updated at 7:00pm EST.,2021-07-18 23:18:52,2020-08-06,2021-07-18
ADAUST,ADA/UST Exchange Rate,Exchange rates on BTIFinex exchange. Updated at 7:00pm EST.,2021-07-18 23:18:52,2020-08-06,2021-07-18
AGIBTC,AGI/BTC Exchange Rate,Exchange rates on BTIFinex exchange. Updated at 7:00pm EST.,2020-03-25 23:23:03,2018-07-05,2020-03-25
AGIETH,AGI/ETH Exchange Rate,Exchange rates on BTIFinex exchange. Updated at 7:00pm EST.,2020-03-25 23:23:03,2018-07-05,2020-03-25
AGIUSD,AGI/USD Exchange Rate,Exchange rates on BTIFinex exchange. Updated at 7:00pm EST.,2020-12-15 00:17:42,2018-07-05,2020-12-14
AIDBTC,AID/BTC Exchange Rate,Exchange rates on BTIFinex exchange. Updated at 7:00pm EST.,2020-03-14 23:27:31,2018-07-05,2020-03-14
AIDETH,AID/ETH Exchange Rate,Exchange rates on BTIFinex exchange. Updated at 7:00pm EST.,2020-03-14 23:27:31,2018-07-05,2020-03-14
AIDUSD,AID/USD Exchange Rate,Exchange rates on BTIFinex exchange. Updated at 7:00pm EST.,2020-11-23 00:18:01,2018-07-05,2020-11-22
AIOBTC,AIO/BTC Exchange Rate,Exchange rates on BTIFinex exchange. Updated at 7:00pm EST.,2020-08-19 23:17:09,2018-07-05,2020-08-19
AIOETH,AIO/ETH Exchange Rate,Exchange rates on BTIFinex exchange. Updated at 7:00pm EST.,2020-03-25 23:23:03,2018-07-05,2020-03-25
AIOUSD,AIO/USD Exchange Rate,Exchange rates on BTIFinex exchange. Updated at 7:00pm EST.,2021-01-14 00:17:26,2018-07-05,2021-01-13
ALBTUSD,ALB/T:USD Exchange Rate,Exchange rates on BTIFinex exchange. Updated at 7:00pm EST.,2021-07-18 23:18:52,2021-03-13,2021-07-18
ALBTUST,ALB/T:UST Exchange Rate,Exchange rates on BTIFinex exchange. Updated at 7:00pm EST.,2021-07-18 23:18:52,2021-03-13,2021-07-18
ALGBTC,ALG/BTC Exchange Rate,Exchange rates on BTIFinex exchange. Updated at 7:00pm EST.,2021-07-18 23:18:52,2019-06-21,2021-07-18
ALGUSD,ALG/USD Exchange Rate,Exchange rates on BTIFinex exchange. Updated at 7:00pm EST.,2021-07-18 23:18:52,2019-06-21,2021-07-18
ALGUST,ALG/UST Exchange Rate,Exchange rates on BTIFinex exchange. Updated at 7:00pm EST.,2021-07-18 23:18:52,2019-06-21,2021-07-18
AMPBTC,AMP/BTC Exchange Rate,Exchange rates on BTIFinex exchange. Updated at 7:00pm EST.,2021-07-18 23:18:52,2019-08-16,2021-07-18
AMPF0USTF0,AMP/F0:USTF0 Exchange Rate,Exchange rates on BTIFinex exchange. Updated at 7:00pm EST.,2021-07-18 23:18:52,2020-07-29,2021-07-18
AMPUSD,AMP/USD Exchange Rate,Exchange rates on BTIFinex exchange. Updated at 7:00pm EST.,2021-07-18 23:18:52,2019-06-27,2021-07-18
AMPUST,AMP/UST Exchange Rate,Exchange rates on BTIFinex exchange. Updated at 7:00pm EST.,2021-07-18 23:18:52,2019-06-27,2021-07-18
ANTBTC,ANT/BTC Exchange Rate,Exchange rates on BTIFinex exchange. Updated at 7:00pm EST.,2021-07-18 23:18:52,2018-07-05,2021-07-18
ANTETH,ANT/ETH Exchange Rate,Exchange rates on BTIFinex exchange. Updated at 7:00pm EST.,2021-07-18 23:18:52,2018-07-05,2021-07-18
ANTUSD,ANT/USD Exchange Rate,Exchange rates on BTIFinex exchange. Updated at 7:00pm EST.,2021-07-18 23:18:52,2018-07-05,2021-07-18
ASTETH,AST/ETH Exchange Rate,Exchange rates on BTIFinex exchange. Updated at 7:00pm EST.,2020-03-25 23:23:03,2019-05-28,2020-03-25
ASTUSD,AST/USD Exchange Rate,Exchange rates on BTIFinex exchange. Updated at 7:00pm EST.,2021-03-26 23:19:26,2019-05-28,2021-03-26
ATMBTC,ATM/BTC Exchange Rate,Exchange rates on BTIFinex exchange. Updated at 7:00pm EST.,2020-03-14 23:27:33,2018-07-12,2020-03-14
ATMETH,ATM/ETH Exchange Rate,Exchange rates on BTIFinex exchange. Updated at 7:00pm EST.,2020-03-14 23:27:33,2018-07-12,2020-03-14
ATMUSD,ATM/USD Exchange Rate,Exchange rates on BTIFinex exchange. Updated at 7:00pm EST.,2020-11-23 00:18:01,2018-07-12,2020-11-22
ATOBTC,ATO/BTC Exchange Rate,Exchange rates on BTIFinex exchange. Updated at 7:00pm EST.,2021-07-18 23:18:52,2019-04-25,2021-07-18
ATOETH,ATO/ETH Exchange Rate,Exchange rates on BTIFinex exchange. Updated at 7:00pm EST.,2021-07-18 23:18:52,2019-04-25,2021-07-18
ATOUSD,ATO/USD Exchange Rate,Exchange rates on BTIFinex exchange. Updated at 7:00pm EST.,2021-07-18 23:18:52,2019-04-25,2021-07-18
AUCBTC,AUC/BTC Exchange Rate,Exchange rates on BTIFinex exchange. Updated at 7:00pm EST.,2020-03-25 23:23:03,2018-07-05,2020-03-25
AUCETH,AUC/ETH Exchange Rate,Exchange rates on BTIFinex exchange. Updated at 7:00pm EST.,2020-03-14 23:27:32,2018-07-05,2020-03-14
AUCUSD,AUC/USD Exchange Rate,Exchange rates on BTIFinex exchange. Updated at 7:00pm EST.,2021-01-14 00:17:26,2018-07-05,2021-01-13
AVAXUSD,AVA/X:USD Exchange Rate,Exchange rates on BTIFinex exchange. Updated at 7:00pm EST.,2021-07-18 23:18:52,2020-09-22,2021-07-18
AVAXUST,AVA/X:UST Exchange Rate,Exchange rates on BTIFinex exchange. Updated at 7:00pm EST.,2021-07-18 23:18:52,2020-09-22,2021-07-18
AVTBTC,AVT/BTC Exchange Rate,Exchange rates on BTIFinex exchange. Updated at 7:00pm EST.,2020-03-25 23:23:03,2017-10-10,2020-03-25
AVTETH,AVT/ETH Exchange Rate,Exchange rates on BTIFinex exchange. Updated at 7:00pm EST.,2020-03-25 23:23:03,2017-10-10,2020-03-25
AVTUSD,AVT/USD Exchange Rate,Exchange rates on BTIFinex exchange. Updated at 7:00pm EST.,2021-03-26 23:19:26,2017-10-10,2021-03-26
B21XUSD,B21/X:USD Exchange Rate,Exchange rates on BTIFinex exchange. Updated at 7:00pm EST.,2021-07-18 23:18:52,2020-12-19,2021-07-18
B21XUST,B21/X:UST Exchange Rate,Exchange rates on BTIFinex exchange. Updated at 7:00pm EST.,2021-07-18 23:18:52,2020-12-19,2021-07-18
BABBTC,BAB/BTC Exchange Rate,Exchange rates on BTIFinex exchange. Updated at 7:00pm EST.,2020-11-15 00:18:24,2018-11-14,2020-11-14
BABUSD,BAB/USD Exchange Rate,Exchange rates on BTIFinex exchange. Updated at 7:00pm EST.,2020-11-15 00:18:24,2018-11-14,2020-11-14
BABUST,BAB/UST Exchange Rate,Exchange rates on BTIFinex exchange. Updated at 7:00pm EST.,2020-11-15 00:18:24,2019-04-12,2020-11-14
BALUSD,BAL/USD Exchange Rate,Exchange rates on BTIFinex exchange. Updated at 7:00pm EST.,2021-07-18 23:18:52,2020-10-03,2021-07-18
BALUST,BAL/UST Exchange Rate,Exchange rates on BTIFinex exchange. Updated at 7:00pm EST.,2021-07-18 23:18:52,2020-10-03,2021-07-18
BANDUSD,BAN/D:USD Exchange Rate,Exchange rates on BTIFinex exchange. Updated at 7:00pm EST.,2021-07-18 23:18:52,2020-09-21,2021-07-18
BANDUST,BAN/D:UST Exchange Rate,Exchange rates on BTIFinex exchange. Updated at 7:00pm EST.,2021-07-18 23:18:52,2020-09-21,2021-07-18
BATBTC,BAT/BTC Exchange Rate,Exchange rates on BTIFinex exchange. Updated at 7:00pm EST.,2021-07-18 23:18:52,2018-07-05,2021-07-18
BATETH,BAT/ETH Exchange Rate,Exchange rates on BTIFinex exchange. Updated at 7:00pm EST.,2021-07-18 23:18:52,2018-07-05,2021-07-18
BATUSD,BAT/USD Exchange Rate,Exchange rates on BTIFinex exchange. Updated at 7:00pm EST.,2021-07-18 23:18:52,2018-07-05,2021-07-18
BBNETH,BBN/ETH Exchange Rate,Exchange rates on BTIFinex exchange. Updated at 7:00pm EST.,2020-02-15 00:52:15,2018-08-23,2020-02-14
BBNUSD,BBN/USD Exchange Rate,Exchange rates on BTIFinex exchange. Updated at 7:00pm EST.,2020-02-15 00:52:15,2018-08-23,2020-02-14
BCCBTC,BCC/BTC Exchange Rate,Exchange rates on BTIFinex exchange. Updated at 7:00pm EST.,2017-12-31 00:00:29,2017-03-20,2017-12-31
BCCUSD,BCC/USD Exchange Rate,Exchange rates on BTIFinex exchange. Updated at 7:00pm EST.,2017-12-31 00:00:29,2017-03-20,2017-12-31
BCHABCUSD,BCH/ABC:USD Exchange Rate,Exchange rates on BTIFinex exchange. Updated at 7:00pm EST.,2021-07-18 23:18:52,2020-11-15,2021-07-18
BCHBTC,BCH/BTC Exchange Rate,Exchange rates on BTIFinex exchange. Updated at 7:00pm EST.,2018-11-15 00:27:15,2017-08-02,2018-11-14
BCHETH,BCH/ETH Exchange Rate,Exchange rates on BTIFinex exchange. Updated at 7:00pm EST.,2018-11-15 00:27:15,2017-08-02,2018-11-14
BCHNUSD,BCH/N:USD Exchange Rate,Exchange rates on BTIFinex exchange. Updated at 7:00pm EST.,2021-07-18 23:18:52,2020-11-15,2021-07-18
BCHUSD,BCH/USD Exchange Rate,Exchange rates on BTIFinex exchange. Updated at 7:00pm EST.,2018-11-15 00:27:15,2017-08-02,2018-11-14
BCIBTC,BCI/BTC Exchange Rate,Exchange rates on BTIFinex exchange. Updated at 7:00pm EST.,2020-02-15 00:52:15,2018-07-05,2020-02-14
BCIUSD,BCI/USD Exchange Rate,Exchange rates on BTIFinex exchange. Updated at 7:00pm EST.,2020-02-15 00:52:15,2018-07-05,2020-02-14
BCUBTC,BCU/BTC Exchange Rate,Exchange rates on BTIFinex exchange. Updated at 7:00pm EST.,2017-12-31 00:00:29,2017-03-20,2017-12-31
BCUUSD,BCU/USD Exchange Rate,Exchange rates on BTIFinex exchange. Updated at 7:00pm EST.,2017-12-31 00:00:29,2017-03-20,2017-12-31
BESTUSD,BES/T:USD Exchange Rate,Exchange rates on BTIFinex exchange. Updated at 7:00pm EST.,2021-07-18 23:18:52,2021-03-09,2021-07-18
BFTBTC,BFT/BTC Exchange Rate,Exchange rates on BTIFinex exchange. Updated at 7:00pm EST.,2020-08-19 23:17:09,2018-07-05,2020-08-19
BFTETH,BFT/ETH Exchange Rate,Exchange rates on BTIFinex exchange. Updated at 7:00pm EST.,2020-03-14 23:27:32,2018-07-05,2020-03-14
BFTUSD,BFT/USD Exchange Rate,Exchange rates on BTIFinex exchange. Updated at 7:00pm EST.,2021-07-18 23:18:52,2018-07-05,2021-07-18
BFXBTC,BFX/BTC Exchange Rate,Exchange rates on BTIFinex exchange. Updated at 7:00pm EST.,2017-04-02 23:52:44,2016-08-09,2017-04-02
BFXUSD,BFX/USD Exchange Rate,Exchange rates on BTIFinex exchange. Updated at 7:00pm EST.,2017-04-02 23:52:44,2016-08-09,2017-04-02
BG1BTC,BG1/BTC Exchange Rate,Exchange rates on BTIFinex exchange. Updated at 7:00pm EST.,2017-10-24 23:18:01,2017-10-24,2017-10-24
BG1USD,BG1/USD Exchange Rate,Exchange rates on BTIFinex exchange. Updated at 7:00pm EST.,2017-10-24 23:18:01,2017-10-24,2017-10-24
BG2BTC,BG2/BTC Exchange Rate,Exchange rates on BTIFinex exchange. Updated at 7:00pm EST.,2017-10-24 23:18:01,2017-10-24,2017-10-24
BG2USD,BG2/USD Exchange Rate,Exchange rates on BTIFinex exchange. Updated at 7:00pm EST.,2017-10-24 23:18:01,2017-10-24,2017-10-24
BMIUSD,BMI/USD Exchange Rate,Exchange rates on BTIFinex exchange. Updated at 7:00pm EST.,2021-07-18 23:18:52,2021-03-31,2021-07-18
BMIUST,BMI/UST Exchange Rate,Exchange rates on BTIFinex exchange. Updated at 7:00pm EST.,2021-07-18 23:18:52,2021-03-31,2021-07-18
BNTBTC,BNT/BTC Exchange Rate,Exchange rates on BTIFinex exchange. Updated at 7:00pm EST.,2020-03-25 23:23:03,2018-07-26,2020-03-25
BNTETH,BNT/ETH Exchange Rate,Exchange rates on BTIFinex exchange. Updated at 7:00pm EST.,2020-03-25 23:23:03,2018-07-26,2020-03-25
BNTUSD,BNT/USD Exchange Rate,Exchange rates on BTIFinex exchange. Updated at 7:00pm EST.,2021-07-18 23:18:52,2018-07-26,2021-07-18
BOSONUSD,BOS/ON:USD Exchange Rate,Exchange rates on BTIFinex exchange. Updated at 7:00pm EST.,2021-07-18 23:18:52,2021-04-08,2021-07-18
BOSONUST,BOS/ON:UST Exchange Rate,Exchange rates on BTIFinex exchange. Updated at 7:00pm EST.,2021-07-18 23:18:52,2021-04-08,2021-07-18
BOXETH,BOX/ETH Exchange Rate,Exchange rates on BTIFinex exchange. Updated at 7:00pm EST.,2020-03-14 23:27:33,2018-09-20,2020-03-14
BOXUSD,BOX/USD Exchange Rate,Exchange rates on BTIFinex exchange. Updated at 7:00pm EST.,2021-03-26 23:19:26,2018-09-20,2021-03-26
BSVBTC,BSV/BTC Exchange Rate,Exchange rates on BTIFinex exchange. Updated at 7:00pm EST.,2021-07-18 23:18:52,2018-11-14,2021-07-18
BSVUSD,BSV/USD Exchange Rate,Exchange rates on BTIFinex exchange. Updated at 7:00pm EST.,2021-07-18 23:18:52,2018-11-14,2021-07-18
BT1BTC,BT1/BTC Exchange Rate,Exchange rates on BTIFinex exchange. Updated at 7:00pm EST.,2017-12-03 00:00:44,2017-10-05,2017-12-03
BT1USD,BT1/USD Exchange Rate,Exchange rates on BTIFinex exchange. Updated at 7:00pm EST.,2017-12-04 00:00:51,2017-10-05,2017-12-04
BT2BTC,BT2/BTC Exchange Rate,Exchange rates on BTIFinex exchange. Updated at 7:00pm EST.,2017-12-03 00:00:44,2017-10-05,2017-12-03
BT2USD,BT2/USD Exchange Rate,Exchange rates on BTIFinex exchange. Updated at 7:00pm EST.,2017-12-03 00:00:44,2017-10-05,2017-12-03
BTCCNHT,BTC/:CNHT Exchange Rate,Exchange rates on BTIFinex exchange. Updated at 7:00pm EST.,2021-07-18 23:18:52,2019-09-10,2021-07-18
BTCDOMF0USTF0,BTC/DOMF0:USTF0 Exchange Rate,Exchange rates on BTIFinex exchange. Updated at 7:00pm EST.,2021-07-18 23:18:52,2020-06-04,2021-07-18
BTCEUR,BTC/EUR Exchange Rate,Exchange rates on BTIFinex exchange. Updated at 7:00pm EST.,2021-07-18 23:18:52,2017-11-22,2021-07-18
BTCF0USTF0,BTC/F0:USTF0 Exchange Rate,Exchange rates on BTIFinex exchange. Updated at 7:00pm EST.,2021-07-18 23:18:52,2019-07-18,2021-07-18
BTCGBP,BTC/GBP Exchange Rate,Exchange rates on BTIFinex exchange. Updated at 7:00pm EST.,2021-07-18 23:18:52,2018-07-05,2021-07-18
BTCJPY,BTC/JPY Exchange Rate,Exchange rates on BTIFinex exchange. Updated at 7:00pm EST.,2021-07-18 23:18:52,2018-03-29,2021-07-18
BTCUSD,BTC/USD Exchange Rate,Exchange rates on BTIFinex exchange. Updated at 7:00pm EST.,2021-07-18 23:18:52,2014-04-15,2021-07-18
BTCUST,BTC/UST Exchange Rate,Exchange rates on BTIFinex exchange. Updated at 7:00pm EST.,2021-07-18 23:18:52,2019-03-11,2021-07-18
BTCXCH,BTC/XCH Exchange Rate,Exchange rates on BTIFinex exchange. Updated at 7:00pm EST.,2021-07-18 23:18:52,2019-06-24,2021-07-18
BTGBTC,BTG/BTC Exchange Rate,Exchange rates on BTIFinex exchange. Updated at 7:00pm EST.,2021-07-18 23:18:52,2017-10-24,2021-07-18
BTGUSD,BTG/USD Exchange Rate,Exchange rates on BTIFinex exchange. Updated at 7:00pm EST.,2021-07-18 23:18:52,2017-10-24,2021-07-18
BTSEUSD,BTS/E:USD Exchange Rate,Exchange rates on BTIFinex exchange. Updated at 7:00pm EST.,2021-07-18 23:18:52,2020-06-17,2021-07-18
BTTBTC,BTT/BTC Exchange Rate,Exchange rates on BTIFinex exchange. Updated at 7:00pm EST.,2020-10-22 23:18:09,2019-02-19,2020-10-22
BTTUSD,BTT/USD Exchange Rate,Exchange rates on BTIFinex exchange. Updated at 7:00pm EST.,2021-07-18 23:18:52,2019-02-19,2021-07-18
CBTBTC,CBT/BTC Exchange Rate,Exchange rates on BTIFinex exchange. Updated at 7:00pm EST.,2020-03-14 23:27:32,2018-07-05,2020-03-14
CBTETH,CBT/ETH Exchange Rate,Exchange rates on BTIFinex exchange. Updated at 7:00pm EST.,2020-03-25 23:23:03,2018-07-05,2020-03-25
CBTUSD,CBT/USD Exchange Rate,Exchange rates on BTIFinex exchange. Updated at 7:00pm EST.,2021-01-14 00:17:26,2018-07-05,2021-01-13
CELUSD,CEL/USD Exchange Rate,Exchange rates on BTIFinex exchange. Updated at 7:00pm EST.,2021-07-18 23:18:52,2021-03-23,2021-07-18
CELUST,CEL/UST Exchange Rate,Exchange rates on BTIFinex exchange. Updated at 7:00pm EST.,2021-07-18 23:18:52,2021-03-23,2021-07-18
CFIBTC,CFI/BTC Exchange Rate,Exchange rates on BTIFinex exchange. Updated at 7:00pm EST.,2019-01-22 00:19:25,2018-07-05,2019-01-21
CFIETH,CFI/ETH Exchange Rate,Exchange rates on BTIFinex exchange. Updated at 7:00pm EST.,2019-01-22 00:19:25,2018-07-05,2019-01-21
CFIUSD,CFI/USD Exchange Rate,Exchange rates on BTIFinex exchange. Updated at 7:00pm EST.,2019-01-22 00:19:25,2018-07-05,2019-01-21
CHEXUSD,CHE/X:USD Exchange Rate,Exchange rates on BTIFinex exchange. Updated at 7:00pm EST.,2021-07-18 23:18:52,2021-05-18,2021-07-18
CHZUSD,CHZ/USD Exchange Rate,Exchange rates on BTIFinex exchange. Updated at 7:00pm EST.,2021-07-18 23:18:52,2019-11-15,2021-07-18
CHZUST,CHZ/UST Exchange Rate,Exchange rates on BTIFinex exchange. Updated at 7:00pm EST.,2021-07-18 23:18:52,2019-11-15,2021-07-18
CLOBTC,CLO/BTC Exchange Rate,Exchange rates on BTIFinex exchange. Updated at 7:00pm EST.,2020-08-19 23:17:09,2019-03-12,2020-08-19
CLOUSD,CLO/USD Exchange Rate,Exchange rates on BTIFinex exchange. Updated at 7:00pm EST.,2021-07-18 23:18:52,2019-03-12,2021-07-18
CNDBTC,CND/BTC Exchange Rate,Exchange rates on BTIFinex exchange. Updated at 7:00pm EST.,2020-03-25 23:23:03,2018-07-05,2020-03-25
CNDETH,CND/ETH Exchange Rate,Exchange rates on BTIFinex exchange. Updated at 7:00pm EST.,2020-08-19 23:17:09,2018-07-05,2020-08-19
CNDUSD,CND/USD Exchange Rate,Exchange rates on BTIFinex exchange. Updated at 7:00pm EST.,2021-03-26 23:19:26,2018-07-05,2021-03-26
CNHCNHT,CNH/:CNHT Exchange Rate,Exchange rates on BTIFinex exchange. Updated at 7:00pm EST.,2021-07-18 23:18:52,2019-09-10,2021-07-18
CNNETH,CNN/ETH Exchange Rate,Exchange rates on BTIFinex exchange. Updated at 7:00pm EST.,2020-03-25 23:23:03,2018-09-20,2020-03-25
CNNUSD,CNN/USD Exchange Rate,Exchange rates on BTIFinex exchange. Updated at 7:00pm EST.,2020-12-15 00:17:42,2018-09-20,2020-12-14
COMPUSD,COM/P:USD Exchange Rate,Exchange rates on BTIFinex exchange. Updated at 7:00pm EST.,2021-07-18 23:18:52,2020-08-26,2021-07-18
COMPUST,COM/P:UST Exchange Rate,Exchange rates on BTIFinex exchange. Updated at 7:00pm EST.,2021-07-18 23:18:52,2020-08-26,2021-07-18
CSTBCHABCUSD,CST/BCHABC:USD Exchange Rate,Exchange rates on BTIFinex exchange. Updated at 7:00pm EST.,2020-11-15 00:18:24,2020-11-06,2020-11-14
CSTBCHNUSD,CST/BCHN:USD Exchange Rate,Exchange rates on BTIFinex exchange. Updated at 7:00pm EST.,2020-11-15 00:18:24,2020-11-06,2020-11-14
CSXETH,CSX/ETH Exchange Rate,Exchange rates on BTIFinex exchange. Updated at 7:00pm EST.,2020-03-14 23:27:33,2018-10-18,2020-03-14
CSXUSD,CSX/USD Exchange Rate,Exchange rates on BTIFinex exchange. Updated at 7:00pm EST.,2020-12-09 00:17:17,2018-10-18,2020-12-08
CTKUSD,CTK/USD Exchange Rate,Exchange rates on BTIFinex exchange. Updated at 7:00pm EST.,2021-07-18 23:18:52,2021-02-19,2021-07-18
CTKUST,CTK/UST Exchange Rate,Exchange rates on BTIFinex exchange. Updated at 7:00pm EST.,2021-07-18 23:18:52,2021-02-19,2021-07-18
CTXBTC,CTX/BTC Exchange Rate,Exchange rates on BTIFinex exchange. Updated at 7:00pm EST.,2020-03-25 23:23:03,2018-07-05,2020-03-25
CTXETH,CTX/ETH Exchange Rate,Exchange rates on BTIFinex exchange. Updated at 7:00pm EST.,2020-03-14 23:27:32,2018-07-05,2020-03-14
CTXUSD,CTX/USD Exchange Rate,Exchange rates on BTIFinex exchange. Updated at 7:00pm EST.,2021-03-26 23:19:26,2018-07-05,2021-03-26
DADBTC,DAD/BTC Exchange Rate,Exchange rates on BTIFinex exchange. Updated at 7:00pm EST.,2020-03-14 23:27:32,2018-07-05,2020-03-14
DADETH,DAD/ETH Exchange Rate,Exchange rates on BTIFinex exchange. Updated at 7:00pm EST.,2020-03-25 23:23:03,2018-07-05,2020-03-25
DADUSD,DAD/USD Exchange Rate,Exchange rates on BTIFinex exchange. Updated at 7:00pm EST.,2020-04-29 23:15:51,2018-07-05,2020-04-29
DAIBTC,DAI/BTC Exchange Rate,Exchange rates on BTIFinex exchange. Updated at 7:00pm EST.,2021-07-18 23:18:52,2018-07-05,2021-07-18
DAIETH,DAI/ETH Exchange Rate,Exchange rates on BTIFinex exchange. Updated at 7:00pm EST.,2021-07-18 23:18:52,2018-07-05,2021-07-18
DAIUSD,DAI/USD Exchange Rate,Exchange rates on BTIFinex exchange. Updated at 7:00pm EST.,2021-07-18 23:18:52,2018-07-05,2021-07-18
DAPPUSD,DAP/P:USD Exchange Rate,Exchange rates on BTIFinex exchange. Updated at 7:00pm EST.,2021-06-21 23:18:45,2020-10-07,2021-06-21
DAPPUST,DAP/P:UST Exchange Rate,Exchange rates on BTIFinex exchange. Updated at 7:00pm EST.,2021-06-21 23:18:45,2020-10-07,2021-06-21
DATBTC,DAT/BTC Exchange Rate,Exchange rates on BTIFinex exchange. Updated at 7:00pm EST.,2021-07-18 23:18:52,2017-11-15,2021-07-18
DATETH,DAT/ETH Exchange Rate,Exchange rates on BTIFinex exchange. Updated at 7:00pm EST.,2020-10-22 23:18:09,2018-07-05,2020-10-22
DATUSD,DAT/USD Exchange Rate,Exchange rates on BTIFinex exchange. Updated at 7:00pm EST.,2021-07-18 23:18:52,2017-11-15,2021-07-18
DGBBTC,DGB/BTC Exchange Rate,Exchange rates on BTIFinex exchange. Updated at 7:00pm EST.,2020-10-22 23:18:09,2018-11-02,2020-10-22
DGBUSD,DGB/USD Exchange Rate,Exchange rates on BTIFinex exchange. Updated at 7:00pm EST.,2021-07-18 23:18:52,2018-11-02,2021-07-18
DGXETH,DGX/ETH Exchange Rate,Exchange rates on BTIFinex exchange. Updated at 7:00pm EST.,2020-08-19 23:17:09,2018-08-23,2020-08-19
DGXUSD,DGX/USD Exchange Rate,Exchange rates on BTIFinex exchange. Updated at 7:00pm EST.,2021-06-21 23:18:45,2018-08-23,2021-06-21
DOGBTC,DOG/BTC Exchange Rate,Exchange rates on BTIFinex exchange. Updated at 7:00pm EST.,2021-07-18 23:18:52,2020-07-10,2021-07-18
DOGEF0USTF0,DOG/EF0:USTF0 Exchange Rate,Exchange rates on BTIFinex exchange. Updated at 7:00pm EST.,2021-07-18 23:18:52,2021-05-18,2021-07-18
DOGEUSD,DOG/E:USD Exchange Rate,Exchange rates on BTIFinex exchange. Updated at 7:00pm EST.,2021-07-18 23:18:52,2021-04-21,2021-07-18
DOGEUST,DOG/E:UST Exchange Rate,Exchange rates on BTIFinex exchange. Updated at 7:00pm EST.,2021-07-18 23:18:52,2021-04-21,2021-07-18
DOGUSD,DOG/USD Exchange Rate,Exchange rates on BTIFinex exchange. Updated at 7:00pm EST.,2021-07-18 23:18:52,2020-07-10,2021-07-18
DOGUST,DOG/UST Exchange Rate,Exchange rates on BTIFinex exchange. Updated at 7:00pm EST.,2021-07-18 23:18:52,2020-07-10,2021-07-18
DOTBTC,DOT/BTC Exchange Rate,Exchange rates on BTIFinex exchange. Updated at 7:00pm EST.,2021-07-18 23:18:52,2021-01-19,2021-07-18
DOTF0BTCF0,DOT/F0:BTCF0 Exchange Rate,Exchange rates on BTIFinex exchange. Updated at 7:00pm EST.,2021-07-18 23:18:52,2021-02-10,2021-07-18
DOTF0USTF0,DOT/F0:USTF0 Exchange Rate,Exchange rates on BTIFinex exchange. Updated at 7:00pm EST.,2021-07-18 23:18:52,2020-10-12,2021-07-18
DOTUSD,DOT/USD Exchange Rate,Exchange rates on BTIFinex exchange. Updated at 7:00pm EST.,2021-07-18 23:18:52,2020-07-17,2021-07-18
DOTUST,DOT/UST Exchange Rate,Exchange rates on BTIFinex exchange. Updated at 7:00pm EST.,2021-07-18 23:18:52,2020-08-18,2021-07-18
DRKBTC,DRK/BTC Exchange Rate,Exchange rates on BTIFinex exchange. Updated at 6:00pm EST.,2015-08-31 22:00:08,2014-06-04,2015-08-31
DRKUSD,DRK/USD Exchange Rate,Exchange rates on BTIFinex exchange. Updated at 6:00pm EST.,2015-08-31 22:00:08,2014-06-04,2015-08-31
DRNETH,DRN/ETH Exchange Rate,Exchange rates on BTIFinex exchange. Updated at 7:00pm EST.,2020-03-25 23:23:03,2018-11-01,2020-03-25
DRNUSD,DRN/USD Exchange Rate,Exchange rates on BTIFinex exchange. Updated at 7:00pm EST.,2021-03-26 23:19:26,2018-11-01,2021-03-26
DSHBTC,DSH/BTC Exchange Rate,Exchange rates on BTIFinex exchange. Updated at 7:00pm EST.,2021-07-18 23:18:52,2017-03-04,2021-07-18
DSHUSD,DSH/USD Exchange Rate,Exchange rates on BTIFinex exchange. Updated at 7:00pm EST.,2021-07-18 23:18:52,2017-03-04,2021-07-18
DTABTC,DTA/BTC Exchange Rate,Exchange rates on BTIFinex exchange. Updated at 7:00pm EST.,2020-03-25 23:23:03,2018-07-12,2020-03-25
DTAETH,DTA/ETH Exchange Rate,Exchange rates on BTIFinex exchange. Updated at 7:00pm EST.,2020-03-25 23:23:03,2018-07-12,2020-03-25
DTAUSD,DTA/USD Exchange Rate,Exchange rates on BTIFinex exchange. Updated at 7:00pm EST.,2021-03-26 23:19:26,2018-07-12,2021-03-26
DTHBTC,DTH/BTC Exchange Rate,Exchange rates on BTIFinex exchange. Updated at 7:00pm EST.,2020-03-25 23:23:03,2018-07-05,2020-03-25
DTHETH,DTH/ETH Exchange Rate,Exchange rates on BTIFinex exchange. Updated at 7:00pm EST.,2020-03-25 23:23:03,2018-07-05,2020-03-25
DTHUSD,DTH/USD Exchange Rate,Exchange rates on BTIFinex exchange. Updated at 7:00pm EST.,2020-11-23 00:18:01,2018-07-05,2020-11-22
DTXUSD,DTX/USD Exchange Rate,Exchange rates on BTIFinex exchange. Updated at 7:00pm EST.,2021-03-26 23:19:26,2019-08-16,2021-03-26
DTXUST,DTX/UST Exchange Rate,Exchange rates on BTIFinex exchange. Updated at 7:00pm EST.,2020-03-25 23:23:03,2019-08-16,2020-03-25
DUSKBTC,DUS/K:BTC Exchange Rate,Exchange rates on BTIFinex exchange. Updated at 7:00pm EST.,2021-07-18 23:18:52,2019-07-18,2021-07-18
DUSKUSD,DUS/K:USD Exchange Rate,Exchange rates on BTIFinex exchange. Updated at 7:00pm EST.,2021-07-18 23:18:52,2019-07-18,2021-07-18
EDOBTC,EDO/BTC Exchange Rate,Exchange rates on BTIFinex exchange. Updated at 7:00pm EST.,2021-07-18 23:18:52,2017-10-20,2021-07-18
EDOETH,EDO/ETH Exchange Rate,Exchange rates on BTIFinex exchange. Updated at 7:00pm EST.,2021-07-18 23:18:52,2017-10-20,2021-07-18
EDOUSD,EDO/USD Exchange Rate,Exchange rates on BTIFinex exchange. Updated at 7:00pm EST.,2021-07-18 23:18:52,2017-10-20,2021-07-18
EGLDUSD,EGL/D:USD Exchange Rate,Exchange rates on BTIFinex exchange. Updated at 7:00pm EST.,2021-07-18 23:18:52,2020-09-09,2021-07-18
EGLDUST,EGL/D:UST Exchange Rate,Exchange rates on BTIFinex exchange. Updated at 7:00pm EST.,2021-07-18 23:18:52,2020-09-09,2021-07-18
ELFBTC,ELF/BTC Exchange Rate,Exchange rates on BTIFinex exchange. Updated at 7:00pm EST.,2020-03-25 23:23:03,2018-07-05,2020-03-25
ELFETH,ELF/ETH Exchange Rate,Exchange rates on BTIFinex exchange. Updated at 7:00pm EST.,2020-03-14 23:27:31,2018-07-05,2020-03-14
ELFUSD,ELF/USD Exchange Rate,Exchange rates on BTIFinex exchange. Updated at 7:00pm EST.,2020-12-15 00:17:42,2018-07-05,2020-12-14
ENJETH,ENJ/ETH Exchange Rate,Exchange rates on BTIFinex exchange. Updated at 7:00pm EST.,2020-03-25 23:23:03,2018-11-19,2020-03-25
ENJUSD,ENJ/USD Exchange Rate,Exchange rates on BTIFinex exchange. Updated at 7:00pm EST.,2021-07-18 23:18:52,2018-11-19,2021-07-18
EOSBTC,EOS/BTC Exchange Rate,Exchange rates on BTIFinex exchange. Updated at 7:00pm EST.,2021-07-18 23:18:52,2017-07-01,2021-07-18
EOSDTUSD,EOS/DT:USD Exchange Rate,Exchange rates on BTIFinex exchange. Updated at 7:00pm EST.,2021-07-18 23:18:52,2020-10-07,2021-07-18
EOSDTUST,EOS/DT:UST Exchange Rate,Exchange rates on BTIFinex exchange. Updated at 7:00pm EST.,2021-07-18 23:18:52,2020-10-07,2021-07-18
EOSETH,EOS/ETH Exchange Rate,Exchange rates on BTIFinex exchange. Updated at 7:00pm EST.,2021-07-18 23:18:52,2017-07-01,2021-07-18
EOSEUR,EOS/EUR Exchange Rate,Exchange rates on BTIFinex exchange. Updated at 7:00pm EST.,2021-07-18 23:18:52,2018-07-05,2021-07-18
EOSF0USTF0,EOS/F0:USTF0 Exchange Rate,Exchange rates on BTIFinex exchange. Updated at 7:00pm EST.,2021-07-18 23:18:52,2020-10-12,2021-07-18
EOSGBP,EOS/GBP Exchange Rate,Exchange rates on BTIFinex exchange. Updated at 7:00pm EST.,2021-07-18 23:18:52,2018-07-05,2021-07-18
EOSJPY,EOS/JPY Exchange Rate,Exchange rates on BTIFinex exchange. Updated at 7:00pm EST.,2021-07-18 23:18:52,2018-07-05,2021-07-18
EOSUSD,EOS/USD Exchange Rate,Exchange rates on BTIFinex exchange. Updated at 7:00pm EST.,2021-07-18 23:18:52,2017-07-01,2021-07-18
EOSUST,EOS/UST Exchange Rate,Exchange rates on BTIFinex exchange. Updated at 7:00pm EST.,2021-07-18 23:18:52,2019-04-12,2021-07-18
ESSBTC,ESS/BTC Exchange Rate,Exchange rates on BTIFinex exchange. Updated at 7:00pm EST.,2020-03-14 23:27:33,2018-07-06,2020-03-14
ESSETH,ESS/ETH Exchange Rate,Exchange rates on BTIFinex exchange. Updated at 7:00pm EST.,2020-03-25 23:23:03,2018-07-06,2020-03-25
ESSUSD,ESS/USD Exchange Rate,Exchange rates on BTIFinex exchange. Updated at 7:00pm EST.,2021-07-18 23:18:52,2018-07-06,2021-07-18
ETCBTC,ETC/BTC Exchange Rate,Exchange rates on BTIFinex exchange. Updated at 7:00pm EST.,2021-07-18 23:18:52,2016-07-27,2021-07-18
ETCUSD,ETC/USD Exchange Rate,Exchange rates on BTIFinex exchange. Updated at 7:00pm EST.,2021-07-18 23:18:52,2016-07-27,2021-07-18
ETH2XETH,ETH/2X:ETH Exchange Rate,Exchange rates on BTIFinex exchange. Updated at 7:00pm EST.,2021-07-18 23:18:52,2021-01-21,2021-07-18
ETH2XUSD,ETH/2X:USD Exchange Rate,Exchange rates on BTIFinex exchange. Updated at 7:00pm EST.,2021-07-18 23:18:52,2021-01-21,2021-07-18
ETH2XUST,ETH/2X:UST Exchange Rate,Exchange rates on BTIFinex exchange. Updated at 7:00pm EST.,2021-07-18 23:18:52,2021-01-21,2021-07-18
ETHBTC,ETH/BTC Exchange Rate,Exchange rates on BTIFinex exchange. Updated at 7:00pm EST.,2021-07-18 23:18:52,2016-03-14,2021-07-18
ETHEUR,ETH/EUR Exchange Rate,Exchange rates on BTIFinex exchange. Updated at 7:00pm EST.,2021-07-18 23:18:52,2018-07-05,2021-07-18
ETHF0BTCF0,ETH/F0:BTCF0 Exchange Rate,Exchange rates on BTIFinex exchange. Updated at 7:00pm EST.,2021-07-18 23:18:52,2020-12-22,2021-07-18
ETHF0USTF0,ETH/F0:USTF0 Exchange Rate,Exchange rates on BTIFinex exchange. Updated at 7:00pm EST.,2021-07-18 23:18:52,2019-07-18,2021-07-18
ETHGBP,ETH/GBP Exchange Rate,Exchange rates on BTIFinex exchange. Updated at 7:00pm EST.,2021-07-18 23:18:52,2018-07-05,2021-07-18
ETHJPY,ETH/JPY Exchange Rate,Exchange rates on BTIFinex exchange. Updated at 7:00pm EST.,2021-07-18 23:18:52,2018-07-05,2021-07-18
ETHUSD,ETH/USD Exchange Rate,Exchange rates on BTIFinex exchange. Updated at 7:00pm EST.,2021-07-18 23:18:52,2016-03-14,2021-07-18
ETHUST,ETH/UST Exchange Rate,Exchange rates on BTIFinex exchange. Updated at 7:00pm EST.,2021-07-18 23:18:52,2019-03-11,2021-07-18
ETPBTC,ETP/BTC Exchange Rate,Exchange rates on BTIFinex exchange. Updated at 7:00pm EST.,2021-07-18 23:18:52,2017-09-20,2021-07-18
ETPETH,ETP/ETH Exchange Rate,Exchange rates on BTIFinex exchange. Updated at 7:00pm EST.,2021-07-18 23:18:52,2017-09-20,2021-07-18
ETPUSD,ETP/USD Exchange Rate,Exchange rates on BTIFinex exchange. Updated at 7:00pm EST.,2021-07-18 23:18:52,2017-09-20,2021-07-18
EURF0USTF0,EUR/F0:USTF0 Exchange Rate,Exchange rates on BTIFinex exchange. Updated at 7:00pm EST.,2021-07-18 23:18:52,2020-09-01,2021-07-18
EUROPE50IXF0USTF0,EUR/OPE50IXF0:USTF0 Exchange Rate,Exchange rates on BTIFinex exchange. Updated at 7:00pm EST.,2021-07-18 23:18:52,2020-09-28,2021-07-18
EUSBTC,EUS/BTC Exchange Rate,Exchange rates on BTIFinex exchange. Updated at 7:00pm EST.,2021-06-21 23:18:45,2021-02-15,2021-06-21
EUSETH,EUS/ETH Exchange Rate,Exchange rates on BTIFinex exchange. Updated at 7:00pm EST.,2020-03-14 23:27:34,2019-05-02,2020-03-14
EUSUSD,EUS/USD Exchange Rate,Exchange rates on BTIFinex exchange. Updated at 7:00pm EST.,2021-07-18 23:18:52,2019-05-02,2021-07-18
EUTEUR,EUT/EUR Exchange Rate,Exchange rates on BTIFinex exchange. Updated at 7:00pm EST.,2021-07-18 23:18:52,2018-11-27,2021-07-18
EUTUSD,EUT/USD Exchange Rate,Exchange rates on BTIFinex exchange. Updated at 7:00pm EST.,2021-07-18 23:18:52,2018-11-27,2021-07-18
EUTUST,EUT/UST Exchange Rate,Exchange rates on BTIFinex exchange. Updated at 7:00pm EST.,2021-07-18 23:18:52,2020-12-18,2021-07-18
EVTUSD,EVT/USD Exchange Rate,Exchange rates on BTIFinex exchange. Updated at 7:00pm EST.,2020-12-01 00:17:32,2020-06-04,2020-11-30
EXRDBTC,EXR/D:BTC Exchange Rate,Exchange rates on BTIFinex exchange. Updated at 7:00pm EST.,2021-07-18 23:18:52,2021-01-14,2021-07-18
EXRDUSD,EXR/D:USD Exchange Rate,Exchange rates on BTIFinex exchange. Updated at 7:00pm EST.,2021-07-18 23:18:52,2021-01-14,2021-07-18
FCLUSD,FCL/USD Exchange Rate,Exchange rates on BTIFinex exchange. Updated at 7:00pm EST.,2021-07-18 23:18:52,2021-07-12,2021-07-18
FCLUST,FCL/UST Exchange Rate,Exchange rates on BTIFinex exchange. Updated at 7:00pm EST.,2021-07-18 23:18:52,2021-07-12,2021-07-18
FETUSD,FET/USD Exchange Rate,Exchange rates on BTIFinex exchange. Updated at 7:00pm EST.,2021-07-18 23:18:52,2020-08-11,2021-07-18
FETUST,FET/UST Exchange Rate,Exchange rates on BTIFinex exchange. Updated at 7:00pm EST.,2021-07-18 23:18:52,2020-08-11,2021-07-18
FILUSD,FIL/USD Exchange Rate,Exchange rates on BTIFinex exchange. Updated at 7:00pm EST.,2021-07-18 23:18:52,2020-10-15,2021-07-18
FILUST,FIL/UST Exchange Rate,Exchange rates on BTIFinex exchange. Updated at 7:00pm EST.,2021-07-18 23:18:52,2020-10-15,2021-07-18
FOAETH,FOA/ETH Exchange Rate,Exchange rates on BTIFinex exchange. Updated at 7:00pm EST.,2020-03-14 23:27:34,2019-05-28,2020-03-14
FOAUSD,FOA/USD Exchange Rate,Exchange rates on BTIFinex exchange. Updated at 7:00pm EST.,2020-11-23 00:18:01,2019-05-28,2020-11-22
FORTHUSD,FOR/TH:USD Exchange Rate,Exchange rates on BTIFinex exchange. Updated at 7:00pm EST.,2021-07-18 23:18:52,2021-05-14,2021-07-18
FORTHUST,FOR/TH:UST Exchange Rate,Exchange rates on BTIFinex exchange. Updated at 7:00pm EST.,2021-07-18 23:18:52,2021-05-14,2021-07-18
FSNBTC,FSN/BTC Exchange Rate,Exchange rates on BTIFinex exchange. Updated at 7:00pm EST.,2020-03-25 23:23:03,2018-07-05,2020-03-25
FSNETH,FSN/ETH Exchange Rate,Exchange rates on BTIFinex exchange. Updated at 7:00pm EST.,2020-03-14 23:27:32,2018-07-05,2020-03-14
FSNUSD,FSN/USD Exchange Rate,Exchange rates on BTIFinex exchange. Updated at 7:00pm EST.,2020-11-23 00:18:01,2018-07-05,2020-11-22
FTMUSD,FTM/USD Exchange Rate,Exchange rates on BTIFinex exchange. Updated at 7:00pm EST.,2021-07-18 23:18:52,2021-06-22,2021-07-18
FTMUST,FTM/UST Exchange Rate,Exchange rates on BTIFinex exchange. Updated at 7:00pm EST.,2021-07-18 23:18:52,2021-06-22,2021-07-18
FTTUSD,FTT/USD Exchange Rate,Exchange rates on BTIFinex exchange. Updated at 7:00pm EST.,2021-07-18 23:18:52,2019-08-19,2021-07-18
FTTUST,FTT/UST Exchange Rate,Exchange rates on BTIFinex exchange. Updated at 7:00pm EST.,2021-07-18 23:18:52,2019-08-19,2021-07-18
FUNBTC,FUN/BTC Exchange Rate,Exchange rates on BTIFinex exchange. Updated at 7:00pm EST.,2020-03-25 23:23:03,2018-07-05,2020-03-25
FUNETH,FUN/ETH Exchange Rate,Exchange rates on BTIFinex exchange. Updated at 7:00pm EST.,2020-10-22 23:18:09,2018-07-05,2020-10-22
FUNUSD,FUN/USD Exchange Rate,Exchange rates on BTIFinex exchange. Updated at 7:00pm EST.,2021-07-18 23:18:52,2018-07-05,2021-07-18
GBPF0USTF0,GBP/F0:USTF0 Exchange Rate,Exchange rates on BTIFinex exchange. Updated at 7:00pm EST.,2021-07-18 23:18:52,2020-09-01,2021-07-18
GENETH,GEN/ETH Exchange Rate,Exchange rates on BTIFinex exchange. Updated at 7:00pm EST.,2020-03-14 23:27:34,2019-04-17,2020-03-14
GENUSD,GEN/USD Exchange Rate,Exchange rates on BTIFinex exchange. Updated at 7:00pm EST.,2021-03-26 23:19:26,2019-04-17,2021-03-26
GERMANY30IXF0USTF0,GER/MANY30IXF0:USTF0 Exchange Rate,Exchange rates on BTIFinex exchange. Updated at 7:00pm EST.,2021-07-18 23:18:52,2020-09-28,2021-07-18
GNOETH,GNO/ETH Exchange Rate,Exchange rates on BTIFinex exchange. Updated at 7:00pm EST.,2020-03-25 23:23:03,2019-04-17,2020-03-25
GNOUSD,GNO/USD Exchange Rate,Exchange rates on BTIFinex exchange. Updated at 7:00pm EST.,2021-07-18 23:18:52,2019-04-17,2021-07-18
GNTBTC,GNT/BTC Exchange Rate,Exchange rates on BTIFinex exchange. Updated at 7:00pm EST.,2021-04-22 23:18:05,2018-07-05,2021-04-22
GNTETH,GNT/ETH Exchange Rate,Exchange rates on BTIFinex exchange. Updated at 7:00pm EST.,2021-04-22 23:18:05,2018-07-05,2021-04-22
GNTUSD,GNT/USD Exchange Rate,Exchange rates on BTIFinex exchange. Updated at 7:00pm EST.,2021-07-18 23:18:52,2018-07-05,2021-07-18
GOTETH,GOT/ETH Exchange Rate,Exchange rates on BTIFinex exchange. Updated at 7:00pm EST.,2020-08-19 23:17:09,2018-09-06,2020-08-19
GOTEUR,GOT/EUR Exchange Rate,Exchange rates on BTIFinex exchange. Updated at 7:00pm EST.,2021-07-18 23:18:52,2018-09-06,2021-07-18
GOTUSD,GOT/USD Exchange Rate,Exchange rates on BTIFinex exchange. Updated at 7:00pm EST.,2021-07-18 23:18:52,2018-09-06,2021-07-18
GSDUSD,GSD/USD Exchange Rate,Exchange rates on BTIFinex exchange. Updated at 7:00pm EST.,2021-01-14 00:17:26,2018-12-04,2021-01-13
GTXUSD,GTX/USD Exchange Rate,Exchange rates on BTIFinex exchange. Updated at 7:00pm EST.,2021-07-18 23:18:52,2019-06-14,2021-07-18
GTXUST,GTX/UST Exchange Rate,Exchange rates on BTIFinex exchange. Updated at 7:00pm EST.,2021-07-18 23:18:52,2019-06-14,2021-07-18
HEZUSD,HEZ/USD Exchange Rate,Exchange rates on BTIFinex exchange. Updated at 7:00pm EST.,2021-07-18 23:18:52,2020-11-12,2021-07-18
HEZUST,HEZ/UST Exchange Rate,Exchange rates on BTIFinex exchange. Updated at 7:00pm EST.,2021-07-18 23:18:52,2020-11-12,2021-07-18
HOTBTC,HOT/BTC Exchange Rate,Exchange rates on BTIFinex exchange. Updated at 7:00pm EST.,2020-03-14 23:27:33,2018-07-12,2020-03-14
HOTETH,HOT/ETH Exchange Rate,Exchange rates on BTIFinex exchange. Updated at 7:00pm EST.,2020-03-25 23:23:03,2018-07-12,2020-03-25
HOTUSD,HOT/USD Exchange Rate,Exchange rates on BTIFinex exchange. Updated at 7:00pm EST.,2021-03-26 23:19:26,2018-07-12,2021-03-26
ICEUSD,ICE/USD Exchange Rate,Exchange rates on BTIFinex exchange. Updated at 7:00pm EST.,2021-07-18 23:18:52,2021-04-20,2021-07-18
ICPBTC,ICP/BTC Exchange Rate,Exchange rates on BTIFinex exchange. Updated at 7:00pm EST.,2021-07-18 23:18:52,2021-07-09,2021-07-18
ICPUSD,ICP/USD Exchange Rate,Exchange rates on BTIFinex exchange. Updated at 7:00pm EST.,2021-07-18 23:18:52,2021-07-09,2021-07-18
ICPUST,ICP/UST Exchange Rate,Exchange rates on BTIFinex exchange. Updated at 7:00pm EST.,2021-07-18 23:18:52,2021-07-09,2021-07-18
IDXBTC,IDX/BTC Exchange Rate,Exchange rates on BTIFinex exchange. Updated at 7:00pm EST.,2021-05-17 23:19:43,2021-05-12,2021-05-17
IDXUSD,IDX/USD Exchange Rate,Exchange rates on BTIFinex exchange. Updated at 7:00pm EST.,2021-07-18 23:18:52,2021-05-12,2021-07-18
IDXUST,IDX/UST Exchange Rate,Exchange rates on BTIFinex exchange. Updated at 7:00pm EST.,2021-07-18 23:18:52,2021-05-18,2021-07-18
IMPETH,IMP/ETH Exchange Rate,Exchange rates on BTIFinex exchange. Updated at 7:00pm EST.,2020-03-25 23:23:03,2019-04-01,2020-03-25
IMPUSD,IMP/USD Exchange Rate,Exchange rates on BTIFinex exchange. Updated at 7:00pm EST.,2021-01-14 00:17:26,2019-04-01,2021-01-13
INTETH,INT/ETH Exchange Rate,Exchange rates on BTIFinex exchange. Updated at 7:00pm EST.,2020-03-25 23:23:03,2018-11-01,2020-03-25
INTUSD,INT/USD Exchange Rate,Exchange rates on BTIFinex exchange. Updated at 7:00pm EST.,2020-09-08 23:16:09,2018-11-01,2020-09-08
IOSBTC,IOS/BTC Exchange Rate,Exchange rates on BTIFinex exchange. Updated at 7:00pm EST.,2020-08-19 23:17:09,2018-07-05,2020-08-19
IOSETH,IOS/ETH Exchange Rate,Exchange rates on BTIFinex exchange. Updated at 7:00pm EST.,2020-08-19 23:17:09,2018-07-05,2020-08-19
IOSUSD,IOS/USD Exchange Rate,Exchange rates on BTIFinex exchange. Updated at 7:00pm EST.,2021-03-26 23:19:26,2018-07-05,2021-03-26
IOTBTC,IOT/BTC Exchange Rate,Exchange rates on BTIFinex exchange. Updated at 7:00pm EST.,2021-07-18 23:18:52,2017-06-13,2021-07-18
IOTETH,IOT/ETH Exchange Rate,Exchange rates on BTIFinex exchange. Updated at 7:00pm EST.,2021-07-18 23:18:52,2017-06-29,2021-07-18
IOTEUR,IOT/EUR Exchange Rate,Exchange rates on BTIFinex exchange. Updated at 7:00pm EST.,2021-07-18 23:18:52,2018-07-05,2021-07-18
IOTF0USTF0,IOT/F0:USTF0 Exchange Rate,Exchange rates on BTIFinex exchange. Updated at 7:00pm EST.,2021-07-18 23:18:52,2020-11-18,2021-07-18
IOTGBP,IOT/GBP Exchange Rate,Exchange rates on BTIFinex exchange. Updated at 7:00pm EST.,2021-07-18 23:18:52,2018-07-05,2021-07-18
IOTJPY,IOT/JPY Exchange Rate,Exchange rates on BTIFinex exchange. Updated at 7:00pm EST.,2021-07-18 23:18:52,2018-07-05,2021-07-18
IOTUSD,IOT/USD Exchange Rate,Exchange rates on BTIFinex exchange. Updated at 7:00pm EST.,2021-07-18 23:18:52,2017-06-13,2021-07-18
IQXBTC,IQX/BTC Exchange Rate,Exchange rates on BTIFinex exchange. Updated at 7:00pm EST.,2020-03-14 23:27:33,2018-07-13,2020-03-14
IQXEOS,IQX/EOS Exchange Rate,Exchange rates on BTIFinex exchange. Updated at 7:00pm EST.,2020-11-04 00:17:35,2018-07-13,2020-11-03
IQXUSD,IQX/USD Exchange Rate,Exchange rates on BTIFinex exchange. Updated at 7:00pm EST.,2021-07-18 23:18:52,2018-07-13,2021-07-18
IQXUST,IQX/UST Exchange Rate,Exchange rates on BTIFinex exchange. Updated at 7:00pm EST.,2021-07-18 23:18:52,2020-11-04,2021-07-18
JPYF0USTF0,JPY/F0:USTF0 Exchange Rate,Exchange rates on BTIFinex exchange. Updated at 7:00pm EST.,2021-07-18 23:18:52,2020-09-01,2021-07-18
JSTBTC,JST/BTC Exchange Rate,Exchange rates on BTIFinex exchange. Updated at 7:00pm EST.,2021-07-18 23:18:52,2020-10-29,2021-07-18
JSTUSD,JST/USD Exchange Rate,Exchange rates on BTIFinex exchange. Updated at 7:00pm EST.,2021-07-18 23:18:52,2020-10-29,2021-07-18
JSTUST,JST/UST Exchange Rate,Exchange rates on BTIFinex exchange. Updated at 7:00pm EST.,2021-07-18 23:18:52,2020-10-29,2021-07-18
KANUSD,KAN/USD Exchange Rate,Exchange rates on BTIFinex exchange. Updated at 7:00pm EST.,2021-07-18 23:18:52,2019-06-18,2021-07-18
KANUST,KAN/UST Exchange Rate,Exchange rates on BTIFinex exchange. Updated at 7:00pm EST.,2021-07-18 23:18:52,2019-06-18,2021-07-18
KNCBTC,KNC/BTC Exchange Rate,Exchange rates on BTIFinex exchange. Updated at 7:00pm EST.,2021-07-18 23:18:52,2018-07-05,2021-07-18
KNCETH,KNC/ETH Exchange Rate,Exchange rates on BTIFinex exchange. Updated at 7:00pm EST.,2020-03-25 23:23:03,2018-07-05,2020-03-25
KNCUSD,KNC/USD Exchange Rate,Exchange rates on BTIFinex exchange. Updated at 7:00pm EST.,2021-07-18 23:18:52,2018-07-05,2021-07-18
KSMUSD,KSM/USD Exchange Rate,Exchange rates on BTIFinex exchange. Updated at 7:00pm EST.,2021-07-18 23:18:52,2020-08-31,2021-07-18
KSMUST,KSM/UST Exchange Rate,Exchange rates on BTIFinex exchange. Updated at 7:00pm EST.,2021-07-18 23:18:52,2020-08-31,2021-07-18
LEOBTC,LEO/BTC Exchange Rate,Exchange rates on BTIFinex exchange. Updated at 7:00pm EST.,2021-07-18 23:18:52,2019-05-20,2021-07-18
LEOEOS,LEO/EOS Exchange Rate,Exchange rates on BTIFinex exchange. Updated at 7:00pm EST.,2021-07-18 23:18:52,2019-05-20,2021-07-18
LEOETH,LEO/ETH Exchange Rate,Exchange rates on BTIFinex exchange. Updated at 7:00pm EST.,2021-07-18 23:18:52,2019-05-20,2021-07-18
LEOUSD,LEO/USD Exchange Rate,Exchange rates on BTIFinex exchange. Updated at 7:00pm EST.,2021-07-18 23:18:52,2019-05-20,2021-07-18
LEOUST,LEO/UST Exchange Rate,Exchange rates on BTIFinex exchange. Updated at 7:00pm EST.,2021-07-18 23:18:52,2019-05-20,2021-07-18
LINKF0USTF0,LIN/KF0:USTF0 Exchange Rate,Exchange rates on BTIFinex exchange. Updated at 7:00pm EST.,2021-07-18 23:18:52,2020-11-18,2021-07-18
LINKUSD,LIN/K:USD Exchange Rate,Exchange rates on BTIFinex exchange. Updated at 7:00pm EST.,2021-07-18 23:18:52,2020-08-20,2021-07-18
LINKUST,LIN/K:UST Exchange Rate,Exchange rates on BTIFinex exchange. Updated at 7:00pm EST.,2021-07-18 23:18:52,2020-08-20,2021-07-18
LOOETH,LOO/ETH Exchange Rate,Exchange rates on BTIFinex exchange. Updated at 7:00pm EST.,2020-03-14 23:27:34,2019-06-24,2020-03-14
LOOUSD,LOO/USD Exchange Rate,Exchange rates on BTIFinex exchange. Updated at 7:00pm EST.,2020-11-23 00:18:01,2019-06-24,2020-11-22
LRCBTC,LRC/BTC Exchange Rate,Exchange rates on BTIFinex exchange. Updated at 7:00pm EST.,2021-04-22 23:18:05,2018-07-05,2021-04-22
LRCETH,LRC/ETH Exchange Rate,Exchange rates on BTIFinex exchange. Updated at 7:00pm EST.,2020-03-25 23:23:03,2018-07-05,2020-03-25
LRCUSD,LRC/USD Exchange Rate,Exchange rates on BTIFinex exchange. Updated at 7:00pm EST.,2021-07-18 23:18:52,2018-07-05,2021-07-18
LTCBTC,LTC/BTC Exchange Rate,Exchange rates on BTIFinex exchange. Updated at 7:00pm EST.,2021-07-18 23:18:52,2014-04-15,2021-07-18
LTCF0BTCF0,LTC/F0:BTCF0 Exchange Rate,Exchange rates on BTIFinex exchange. Updated at 7:00pm EST.,2021-07-18 23:18:52,2021-02-10,2021-07-18
LTCF0USTF0,LTC/F0:USTF0 Exchange Rate,Exchange rates on BTIFinex exchange. Updated at 7:00pm EST.,2021-07-18 23:18:52,2020-10-12,2021-07-18
LTCUSD,LTC/USD Exchange Rate,Exchange rates on BTIFinex exchange. Updated at 7:00pm EST.,2021-07-18 23:18:52,2014-04-15,2021-07-18
LTCUST,LTC/UST Exchange Rate,Exchange rates on BTIFinex exchange. Updated at 7:00pm EST.,2021-07-18 23:18:52,2019-04-12,2021-07-18
LUNAUSD,LUN/A:USD Exchange Rate,Exchange rates on BTIFinex exchange. Updated at 7:00pm EST.,2021-07-18 23:18:52,2021-04-14,2021-07-18
LUNAUST,LUN/A:UST Exchange Rate,Exchange rates on BTIFinex exchange. Updated at 7:00pm EST.,2021-07-18 23:18:52,2021-04-14,2021-07-18
LYMBTC,LYM/BTC Exchange Rate,Exchange rates on BTIFinex exchange. Updated at 7:00pm EST.,2020-03-14 23:27:32,2018-07-05,2020-03-14
LYMETH,LYM/ETH Exchange Rate,Exchange rates on BTIFinex exchange. Updated at 7:00pm EST.,2020-03-14 23:27:32,2018-07-05,2020-03-14
LYMUSD,LYM/USD Exchange Rate,Exchange rates on BTIFinex exchange. Updated at 7:00pm EST.,2021-07-18 23:18:52,2018-07-05,2021-07-18
MANETH,MAN/ETH Exchange Rate,Exchange rates on BTIFinex exchange. Updated at 7:00pm EST.,2020-03-14 23:27:33,2018-08-09,2020-03-14
MANUSD,MAN/USD Exchange Rate,Exchange rates on BTIFinex exchange. Updated at 7:00pm EST.,2021-03-26 23:19:26,2018-08-09,2021-03-26
MGOETH,MGO/ETH Exchange Rate,Exchange rates on BTIFinex exchange. Updated at 7:00pm EST.,2020-03-25 23:23:03,2018-10-05,2020-03-25
MGOUSD,MGO/USD Exchange Rate,Exchange rates on BTIFinex exchange. Updated at 7:00pm EST.,2021-03-26 23:19:26,2018-10-05,2021-03-26
MIRUSD,MIR/USD Exchange Rate,Exchange rates on BTIFinex exchange. Updated at 7:00pm EST.,2021-07-18 23:18:52,2021-07-14,2021-07-18
MIRUST,MIR/UST Exchange Rate,Exchange rates on BTIFinex exchange. Updated at 7:00pm EST.,2021-07-18 23:18:52,2021-07-14,2021-07-18
MITBTC,MIT/BTC Exchange Rate,Exchange rates on BTIFinex exchange. Updated at 7:00pm EST.,2020-03-25 23:23:03,2018-07-05,2020-03-25
MITETH,MIT/ETH Exchange Rate,Exchange rates on BTIFinex exchange. Updated at 7:00pm EST.,2020-03-14 23:27:32,2018-07-05,2020-03-14
MITUSD,MIT/USD Exchange Rate,Exchange rates on BTIFinex exchange. Updated at 7:00pm EST.,2020-11-23 00:18:01,2018-07-05,2020-11-22
MKRBTC,MKR/BTC Exchange Rate,Exchange rates on BTIFinex exchange. Updated at 7:00pm EST.,2021-04-22 23:18:05,2018-07-05,2021-04-22
MKRDAI,MKR/DAI Exchange Rate,Exchange rates on BTIFinex exchange. Updated at 7:00pm EST.,2020-08-19 23:17:09,2019-01-31,2020-08-19
MKRETH,MKR/ETH Exchange Rate,Exchange rates on BTIFinex exchange. Updated at 7:00pm EST.,2021-04-22 23:18:05,2018-07-05,2021-04-22
MKRUSD,MKR/USD Exchange Rate,Exchange rates on BTIFinex exchange. Updated at 7:00pm EST.,2021-07-18 23:18:52,2018-07-05,2021-07-18
MLNETH,MLN/ETH Exchange Rate,Exchange rates on BTIFinex exchange. Updated at 7:00pm EST.,2020-03-25 23:23:03,2018-10-18,2020-03-25
MLNUSD,MLN/USD Exchange Rate,Exchange rates on BTIFinex exchange. Updated at 7:00pm EST.,2021-07-18 23:18:52,2018-10-18,2021-07-18
MNABTC,MNA/BTC Exchange Rate,Exchange rates on BTIFinex exchange. Updated at 7:00pm EST.,2021-07-18 23:18:52,2018-07-05,2021-07-18
MNAETH,MNA/ETH Exchange Rate,Exchange rates on BTIFinex exchange. Updated at 7:00pm EST.,2020-03-25 23:23:03,2018-07-05,2020-03-25
MNAUSD,MNA/USD Exchange Rate,Exchange rates on BTIFinex exchange. Updated at 7:00pm EST.,2021-07-18 23:18:52,2018-07-05,2021-07-18
MOBUSD,MOB/USD Exchange Rate,Exchange rates on BTIFinex exchange. Updated at 7:00pm EST.,2021-07-18 23:18:52,2021-04-01,2021-07-18
MOBUST,MOB/UST Exchange Rate,Exchange rates on BTIFinex exchange. Updated at 7:00pm EST.,2021-07-18 23:18:52,2021-04-01,2021-07-18
MTNBTC,MTN/BTC Exchange Rate,Exchange rates on BTIFinex exchange. Updated at 7:00pm EST.,2020-03-14 23:27:32,2018-07-05,2020-03-14
MTNETH,MTN/ETH Exchange Rate,Exchange rates on BTIFinex exchange. Updated at 7:00pm EST.,2020-03-25 23:23:03,2018-07-05,2020-03-25
MTNUSD,MTN/USD Exchange Rate,Exchange rates on BTIFinex exchange. Updated at 7:00pm EST.,2021-03-26 23:19:26,2018-07-05,2021-03-26
NCABTC,NCA/BTC Exchange Rate,Exchange rates on BTIFinex exchange. Updated at 7:00pm EST.,2020-03-14 23:27:32,2018-07-05,2020-03-14
NCAETH,NCA/ETH Exchange Rate,Exchange rates on BTIFinex exchange. Updated at 7:00pm EST.,2020-03-14 23:27:32,2018-07-05,2020-03-14
NCAUSD,NCA/USD Exchange Rate,Exchange rates on BTIFinex exchange. Updated at 7:00pm EST.,2021-03-26 23:19:26,2018-07-05,2021-03-26
NEARUSD,NEA/R:USD Exchange Rate,Exchange rates on BTIFinex exchange. Updated at 7:00pm EST.,2021-07-18 23:18:52,2021-04-07,2021-07-18
NEARUST,NEA/R:UST Exchange Rate,Exchange rates on BTIFinex exchange. Updated at 7:00pm EST.,2021-07-18 23:18:52,2021-04-07,2021-07-18
NECBTC,NEC/BTC Exchange Rate,Exchange rates on BTIFinex exchange. Updated at 7:00pm EST.,2020-08-19 23:17:09,2019-09-12,2020-08-19
NECETH,NEC/ETH Exchange Rate,Exchange rates on BTIFinex exchange. Updated at 7:00pm EST.,2021-04-22 23:18:05,2019-09-12,2021-04-22
NECUSD,NEC/USD Exchange Rate,Exchange rates on BTIFinex exchange. Updated at 7:00pm EST.,2021-07-18 23:18:52,2019-09-12,2021-07-18
NEOBTC,NEO/BTC Exchange Rate,Exchange rates on BTIFinex exchange. Updated at 7:00pm EST.,2021-07-18 23:18:52,2017-09-07,2021-07-18
NEOETH,NEO/ETH Exchange Rate,Exchange rates on BTIFinex exchange. Updated at 7:00pm EST.,2021-07-18 23:18:52,2017-09-07,2021-07-18
NEOEUR,NEO/EUR Exchange Rate,Exchange rates on BTIFinex exchange. Updated at 7:00pm EST.,2021-07-18 23:18:52,2018-07-05,2021-07-18
NEOGBP,NEO/GBP Exchange Rate,Exchange rates on BTIFinex exchange. Updated at 7:00pm EST.,2021-07-18 23:18:52,2018-07-05,2021-07-18
NEOJPY,NEO/JPY Exchange Rate,Exchange rates on BTIFinex exchange. Updated at 7:00pm EST.,2021-07-18 23:18:52,2018-07-05,2021-07-18
NEOUSD,NEO/USD Exchange Rate,Exchange rates on BTIFinex exchange. Updated at 7:00pm EST.,2021-07-18 23:18:52,2017-09-07,2021-07-18
NEXOBTC,NEX/O:BTC Exchange Rate,Exchange rates on BTIFinex exchange. Updated at 7:00pm EST.,2021-07-18 23:18:52,2021-07-05,2021-07-18
NEXOUSD,NEX/O:USD Exchange Rate,Exchange rates on BTIFinex exchange. Updated at 7:00pm EST.,2021-07-18 23:18:52,2021-07-05,2021-07-18
NEXOUST,NEX/O:UST Exchange Rate,Exchange rates on BTIFinex exchange. Updated at 7:00pm EST.,2021-07-18 23:18:52,2021-07-05,2021-07-18
NIOETH,NIO/ETH Exchange Rate,Exchange rates on BTIFinex exchange. Updated at 7:00pm EST.,2020-04-29 23:15:51,2018-08-23,2020-04-29
NIOUSD,NIO/USD Exchange Rate,Exchange rates on BTIFinex exchange. Updated at 7:00pm EST.,2020-04-29 23:15:51,2018-08-23,2020-04-29
NUTUSD,NUT/USD Exchange Rate,Exchange rates on BTIFinex exchange. Updated at 7:00pm EST.,2021-06-21 23:18:45,2020-10-07,2021-06-21
NUTUST,NUT/UST Exchange Rate,Exchange rates on BTIFinex exchange. Updated at 7:00pm EST.,2021-04-22 23:18:05,2020-10-07,2021-04-22
OCEANUSD,OCE/AN:USD Exchange Rate,Exchange rates on BTIFinex exchange. Updated at 7:00pm EST.,2021-07-18 23:18:52,2021-05-27,2021-07-18
OCEANUST,OCE/AN:UST Exchange Rate,Exchange rates on BTIFinex exchange. Updated at 7:00pm EST.,2021-07-18 23:18:52,2021-05-27,2021-07-18
ODEBTC,ODE/BTC Exchange Rate,Exchange rates on BTIFinex exchange. Updated at 7:00pm EST.,2020-08-19 23:17:09,2018-07-05,2020-08-19
ODEETH,ODE/ETH Exchange Rate,Exchange rates on BTIFinex exchange. Updated at 7:00pm EST.,2020-08-19 23:17:09,2018-07-05,2020-08-19
ODEUSD,ODE/USD Exchange Rate,Exchange rates on BTIFinex exchange. Updated at 7:00pm EST.,2021-07-18 23:18:52,2018-07-05,2021-07-18
OKBBTC,OKB/BTC Exchange Rate,Exchange rates on BTIFinex exchange. Updated at 7:00pm EST.,2020-08-19 23:17:09,2019-06-13,2020-08-19
OKBETH,OKB/ETH Exchange Rate,Exchange rates on BTIFinex exchange. Updated at 7:00pm EST.,2020-03-14 23:27:34,2019-06-13,2020-03-14
OKBUSD,OKB/USD Exchange Rate,Exchange rates on BTIFinex exchange. Updated at 7:00pm EST.,2021-03-26 23:19:26,2019-06-13,2021-03-26
OKBUST,OKB/UST Exchange Rate,Exchange rates on BTIFinex exchange. Updated at 7:00pm EST.,2021-03-26 23:19:26,2019-06-13,2021-03-26
OMGBTC,OMG/BTC Exchange Rate,Exchange rates on BTIFinex exchange. Updated at 7:00pm EST.,2021-07-18 23:18:52,2017-07-14,2021-07-18
OMGDAI,OMG/DAI Exchange Rate,Exchange rates on BTIFinex exchange. Updated at 7:00pm EST.,2020-03-14 23:27:33,2019-01-31,2020-03-14
OMGETH,OMG/ETH Exchange Rate,Exchange rates on BTIFinex exchange. Updated at 7:00pm EST.,2021-07-18 23:18:52,2017-07-14,2021-07-18
OMGUSD,OMG/USD Exchange Rate,Exchange rates on BTIFinex exchange. Updated at 7:00pm EST.,2021-07-18 23:18:52,2017-07-14,2021-07-18
OMNBTC,OMN/BTC Exchange Rate,Exchange rates on BTIFinex exchange. Updated at 7:00pm EST.,2021-06-21 23:18:45,2018-10-30,2021-06-21
OMNUSD,OMN/USD Exchange Rate,Exchange rates on BTIFinex exchange. Updated at 7:00pm EST.,2021-07-18 23:18:52,2018-10-30,2021-07-18
ONLETH,ONL/ETH Exchange Rate,Exchange rates on BTIFinex exchange. Updated at 7:00pm EST.,2020-03-14 23:27:33,2018-11-19,2020-03-14
ONLUSD,ONL/USD Exchange Rate,Exchange rates on BTIFinex exchange. Updated at 7:00pm EST.,2021-03-26 23:19:26,2018-11-19,2021-03-26
ORSBTC,ORS/BTC Exchange Rate,Exchange rates on BTIFinex exchange. Updated at 7:00pm EST.,2020-03-14 23:27:32,2018-07-05,2020-03-14
ORSETH,ORS/ETH Exchange Rate,Exchange rates on BTIFinex exchange. Updated at 7:00pm EST.,2020-03-25 23:23:03,2018-07-05,2020-03-25
ORSUSD,ORS/USD Exchange Rate,Exchange rates on BTIFinex exchange. Updated at 7:00pm EST.,2021-07-18 23:18:52,2018-07-05,2021-07-18
OXYUSD,OXY/USD Exchange Rate,Exchange rates on BTIFinex exchange. Updated at 7:00pm EST.,2021-07-18 23:18:52,2021-05-02,2021-07-18
OXYUST,OXY/UST Exchange Rate,Exchange rates on BTIFinex exchange. Updated at 7:00pm EST.,2021-07-18 23:18:52,2021-05-02,2021-07-18
PAIBTC,PAI/BTC Exchange Rate,Exchange rates on BTIFinex exchange. Updated at 7:00pm EST.,2020-03-25 23:23:03,2018-07-05,2020-03-25
PAIUSD,PAI/USD Exchange Rate,Exchange rates on BTIFinex exchange. Updated at 7:00pm EST.,2021-01-14 00:17:26,2018-07-05,2021-01-13
PASETH,PAS/ETH Exchange Rate,Exchange rates on BTIFinex exchange. Updated at 7:00pm EST.,2020-03-14 23:27:33,2019-01-17,2020-03-14
PASUSD,PAS/USD Exchange Rate,Exchange rates on BTIFinex exchange. Updated at 7:00pm EST.,2021-07-18 23:18:52,2019-01-17,2021-07-18
PAXUSD,PAX/USD Exchange Rate,Exchange rates on BTIFinex exchange. Updated at 7:00pm EST.,2021-07-18 23:18:52,2018-12-04,2021-07-18
PAXUST,PAX/UST Exchange Rate,Exchange rates on BTIFinex exchange. Updated at 7:00pm EST.,2021-07-18 23:18:52,2019-08-27,2021-07-18
PLANETSUSD,PLA/NETS:USD Exchange Rate,Exchange rates on BTIFinex exchange. Updated at 7:00pm EST.,2021-07-18 23:18:52,2021-06-03,2021-07-18
PLANETSUST,PLA/NETS:UST Exchange Rate,Exchange rates on BTIFinex exchange. Updated at 7:00pm EST.,2021-07-18 23:18:52,2021-06-03,2021-07-18
PLUUSD,PLU/USD Exchange Rate,Exchange rates on BTIFinex exchange. Updated at 7:00pm EST.,2021-07-18 23:18:52,2020-11-28,2021-07-18
PNKETH,PNK/ETH Exchange Rate,Exchange rates on BTIFinex exchange. Updated at 7:00pm EST.,2021-07-18 23:18:52,2018-11-01,2021-07-18
PNKUSD,PNK/USD Exchange Rate,Exchange rates on BTIFinex exchange. Updated at 7:00pm EST.,2021-07-18 23:18:52,2018-11-01,2021-07-18
POABTC,POA/BTC Exchange Rate,Exchange rates on BTIFinex exchange. Updated at 7:00pm EST.,2020-03-14 23:27:32,2018-07-05,2020-03-14
POAETH,POA/ETH Exchange Rate,Exchange rates on BTIFinex exchange. Updated at 7:00pm EST.,2020-03-25 23:23:03,2018-07-05,2020-03-25
POAUSD,POA/USD Exchange Rate,Exchange rates on BTIFinex exchange. Updated at 7:00pm EST.,2021-06-21 23:18:45,2018-07-05,2021-06-21
POYBTC,POY/BTC Exchange Rate,Exchange rates on BTIFinex exchange. Updated at 7:00pm EST.,2020-03-25 23:23:03,2018-07-05,2020-03-25
POYETH,POY/ETH Exchange Rate,Exchange rates on BTIFinex exchange. Updated at 7:00pm EST.,2020-03-25 23:23:03,2018-07-05,2020-03-25
POYUSD,POY/USD Exchange Rate,Exchange rates on BTIFinex exchange. Updated at 7:00pm EST.,2020-11-23 00:18:01,2018-07-05,2020-11-22
QSHBTC,QSH/BTC Exchange Rate,Exchange rates on BTIFinex exchange. Updated at 7:00pm EST.,2020-03-25 23:23:03,2018-07-05,2020-03-25
QSHETH,QSH/ETH Exchange Rate,Exchange rates on BTIFinex exchange. Updated at 7:00pm EST.,2020-03-25 23:23:03,2018-07-05,2020-03-25
QSHUSD,QSH/USD Exchange Rate,Exchange rates on BTIFinex exchange. Updated at 7:00pm EST.,2021-07-18 23:18:52,2018-07-05,2021-07-18
QTFBTC,QTF/BTC Exchange Rate,Exchange rates on BTIFinex exchange. Updated at 7:00pm EST.,2021-07-18 23:18:52,2021-05-24,2021-07-18
QTFUSD,QTF/USD Exchange Rate,Exchange rates on BTIFinex exchange. Updated at 7:00pm EST.,2021-07-18 23:18:52,2021-05-24,2021-07-18
QTMBTC,QTM/BTC Exchange Rate,Exchange rates on BTIFinex exchange. Updated at 7:00pm EST.,2021-07-18 23:18:52,2017-10-10,2021-07-18
QTMETH,QTM/ETH Exchange Rate,Exchange rates on BTIFinex exchange. Updated at 7:00pm EST.,2020-03-25 23:23:03,2017-10-10,2020-03-25
QTMUSD,QTM/USD Exchange Rate,Exchange rates on BTIFinex exchange. Updated at 7:00pm EST.,2021-07-18 23:18:52,2017-10-10,2021-07-18
RBTBTC,RBT/BTC Exchange Rate,Exchange rates on BTIFinex exchange. Updated at 7:00pm EST.,2021-07-18 23:18:52,2018-11-23,2021-07-18
RBTUSD,RBT/USD Exchange Rate,Exchange rates on BTIFinex exchange. Updated at 7:00pm EST.,2021-07-18 23:18:52,2018-11-23,2021-07-18
RCNBTC,RCN/BTC Exchange Rate,Exchange rates on BTIFinex exchange. Updated at 7:00pm EST.,2020-03-25 23:23:03,2018-07-05,2020-03-25
RCNETH,RCN/ETH Exchange Rate,Exchange rates on BTIFinex exchange. Updated at 7:00pm EST.,2020-03-25 23:23:03,2018-07-05,2020-03-25
RCNUSD,RCN/USD Exchange Rate,Exchange rates on BTIFinex exchange. Updated at 7:00pm EST.,2021-03-26 23:19:26,2018-07-05,2021-03-26
RDNBTC,RDN/BTC Exchange Rate,Exchange rates on BTIFinex exchange. Updated at 7:00pm EST.,2020-03-25 23:23:03,2018-07-05,2020-03-25
RDNETH,RDN/ETH Exchange Rate,Exchange rates on BTIFinex exchange. Updated at 7:00pm EST.,2020-03-25 23:23:03,2018-07-05,2020-03-25
RDNUSD,RDN/USD Exchange Rate,Exchange rates on BTIFinex exchange. Updated at 7:00pm EST.,2020-12-15 00:17:42,2018-07-05,2020-12-14
REPBTC,REP/BTC Exchange Rate,Exchange rates on BTIFinex exchange. Updated at 7:00pm EST.,2021-07-18 23:18:52,2018-07-05,2021-07-18
REPETH,REP/ETH Exchange Rate,Exchange rates on BTIFinex exchange. Updated at 7:00pm EST.,2020-08-19 23:17:09,2018-07-05,2020-08-19
REPUSD,REP/USD Exchange Rate,Exchange rates on BTIFinex exchange. Updated at 7:00pm EST.,2021-07-18 23:18:52,2018-07-05,2021-07-18
REQBTC,REQ/BTC Exchange Rate,Exchange rates on BTIFinex exchange. Updated at 7:00pm EST.,2020-03-25 23:23:03,2018-07-05,2020-03-25
REQETH,REQ/ETH Exchange Rate,Exchange rates on BTIFinex exchange. Updated at 7:00pm EST.,2020-03-25 23:23:03,2018-07-05,2020-03-25
REQUSD,REQ/USD Exchange Rate,Exchange rates on BTIFinex exchange. Updated at 7:00pm EST.,2021-07-18 23:18:52,2018-07-05,2021-07-18
RIFBTC,RIF/BTC Exchange Rate,Exchange rates on BTIFinex exchange. Updated at 7:00pm EST.,2020-10-22 23:18:09,2019-01-15,2020-10-22
RIFUSD,RIF/USD Exchange Rate,Exchange rates on BTIFinex exchange. Updated at 7:00pm EST.,2021-03-26 23:19:26,2019-01-15,2021-03-26
RINGXUSD,RIN/GX:USD Exchange Rate,Exchange rates on BTIFinex exchange. Updated at 7:00pm EST.,2021-07-18 23:18:52,2020-06-14,2021-07-18
RLCBTC,RLC/BTC Exchange Rate,Exchange rates on BTIFinex exchange. Updated at 7:00pm EST.,2021-01-14 00:17:26,2018-07-05,2021-01-13
RLCETH,RLC/ETH Exchange Rate,Exchange rates on BTIFinex exchange. Updated at 7:00pm EST.,2020-03-25 23:23:03,2018-07-05,2020-03-25
RLCUSD,RLC/USD Exchange Rate,Exchange rates on BTIFinex exchange. Updated at 7:00pm EST.,2021-01-14 00:17:26,2018-07-05,2021-01-13
RRBUSD,RRB/USD Exchange Rate,Exchange rates on BTIFinex exchange. Updated at 7:00pm EST.,2021-07-18 23:18:52,2019-07-29,2021-07-18
RRBUST,RRB/UST Exchange Rate,Exchange rates on BTIFinex exchange. Updated at 7:00pm EST.,2021-07-18 23:18:52,2019-07-29,2021-07-18
RRTBTC,RRT/BTC Exchange Rate,Exchange rates on BTIFinex exchange. Updated at 7:00pm EST.,2020-03-25 23:23:03,2016-10-11,2020-03-25
RRTUSD,RRT/USD Exchange Rate,Exchange rates on BTIFinex exchange. Updated at 7:00pm EST.,2021-07-18 23:18:52,2016-10-11,2021-07-18
RTEETH,RTE/ETH Exchange Rate,Exchange rates on BTIFinex exchange. Updated at 7:00pm EST.,2020-03-25 23:23:03,2018-10-05,2020-03-25
RTEUSD,RTE/USD Exchange Rate,Exchange rates on BTIFinex exchange. Updated at 7:00pm EST.,2020-12-15 00:17:42,2018-10-05,2020-12-14
SANBTC,SAN/BTC Exchange Rate,Exchange rates on BTIFinex exchange. Updated at 7:00pm EST.,2021-07-18 23:18:52,2017-07-12,2021-07-18
SANETH,SAN/ETH Exchange Rate,Exchange rates on BTIFinex exchange. Updated at 7:00pm EST.,2021-07-18 23:18:52,2017-07-12,2021-07-18
SANUSD,SAN/USD Exchange Rate,Exchange rates on BTIFinex exchange. Updated at 7:00pm EST.,2021-07-18 23:18:52,2017-07-12,2021-07-18
SCRETH,SCR/ETH Exchange Rate,Exchange rates on BTIFinex exchange. Updated at 7:00pm EST.,2020-03-14 23:27:33,2019-04-17,2020-03-14
SCRUSD,SCR/USD Exchange Rate,Exchange rates on BTIFinex exchange. Updated at 7:00pm EST.,2021-01-14 00:17:26,2019-04-17,2021-01-13
SEEBTC,SEE/BTC Exchange Rate,Exchange rates on BTIFinex exchange. Updated at 7:00pm EST.,2020-03-25 23:23:03,2018-07-05,2020-03-25
SEEETH,SEE/ETH Exchange Rate,Exchange rates on BTIFinex exchange. Updated at 7:00pm EST.,2020-03-14 23:27:33,2018-07-05,2020-03-14
SEEUSD,SEE/USD Exchange Rate,Exchange rates on BTIFinex exchange. Updated at 7:00pm EST.,2020-12-15 00:17:42,2018-07-05,2020-12-14
SENBTC,SEN/BTC Exchange Rate,Exchange rates on BTIFinex exchange. Updated at 7:00pm EST.,2020-03-14 23:27:32,2018-07-05,2020-03-14
SENETH,SEN/ETH Exchange Rate,Exchange rates on BTIFinex exchange. Updated at 7:00pm EST.,2020-03-25 23:23:03,2018-07-05,2020-03-25
SENUSD,SEN/USD Exchange Rate,Exchange rates on BTIFinex exchange. Updated at 7:00pm EST.,2020-04-29 23:15:51,2018-07-05,2020-04-29
SNGBTC,SNG/BTC Exchange Rate,Exchange rates on BTIFinex exchange. Updated at 7:00pm EST.,2020-03-25 23:23:03,2018-07-05,2020-03-25
SNGETH,SNG/ETH Exchange Rate,Exchange rates on BTIFinex exchange. Updated at 7:00pm EST.,2020-03-25 23:23:03,2018-07-05,2020-03-25
SNGUSD,SNG/USD Exchange Rate,Exchange rates on BTIFinex exchange. Updated at 7:00pm EST.,2021-07-18 23:18:52,2018-07-05,2021-07-18
SNTBTC,SNT/BTC Exchange Rate,Exchange rates on BTIFinex exchange. Updated at 7:00pm EST.,2020-10-22 23:18:09,2018-07-05,2020-10-22
SNTETH,SNT/ETH Exchange Rate,Exchange rates on BTIFinex exchange. Updated at 7:00pm EST.,2020-08-19 23:17:09,2018-07-05,2020-08-19
SNTUSD,SNT/USD Exchange Rate,Exchange rates on BTIFinex exchange. Updated at 7:00pm EST.,2021-07-18 23:18:52,2018-07-05,2021-07-18
SNXUSD,SNX/USD Exchange Rate,Exchange rates on BTIFinex exchange. Updated at 7:00pm EST.,2021-07-18 23:18:52,2020-09-25,2021-07-18
SNXUST,SNX/UST Exchange Rate,Exchange rates on BTIFinex exchange. Updated at 7:00pm EST.,2021-07-18 23:18:52,2020-09-25,2021-07-18
SOLUSD,SOL/USD Exchange Rate,Exchange rates on BTIFinex exchange. Updated at 7:00pm EST.,2021-07-18 23:18:52,2021-02-22,2021-07-18
SOLUST,SOL/UST Exchange Rate,Exchange rates on BTIFinex exchange. Updated at 7:00pm EST.,2021-07-18 23:18:52,2021-02-22,2021-07-18
SPKBTC,SPK/BTC Exchange Rate,Exchange rates on BTIFinex exchange. Updated at 7:00pm EST.,2020-03-25 23:23:03,2018-07-05,2020-03-25
SPKETH,SPK/ETH Exchange Rate,Exchange rates on BTIFinex exchange. Updated at 7:00pm EST.,2020-03-25 23:23:03,2018-07-05,2020-03-25
SPKUSD,SPK/USD Exchange Rate,Exchange rates on BTIFinex exchange. Updated at 7:00pm EST.,2020-11-23 00:18:01,2018-07-05,2020-11-22
STJBTC,STJ/BTC Exchange Rate,Exchange rates on BTIFinex exchange. Updated at 7:00pm EST.,2020-03-25 23:23:03,2018-07-05,2020-03-25
STJETH,STJ/ETH Exchange Rate,Exchange rates on BTIFinex exchange. Updated at 7:00pm EST.,2020-03-25 23:23:03,2018-07-05,2020-03-25
STJUSD,STJ/USD Exchange Rate,Exchange rates on BTIFinex exchange. Updated at 7:00pm EST.,2021-07-18 23:18:52,2018-07-05,2021-07-18
SUKUUSD,SUK/U:USD Exchange Rate,Exchange rates on BTIFinex exchange. Updated at 7:00pm EST.,2021-07-18 23:18:52,2021-03-25,2021-07-18
SUKUUST,SUK/U:UST Exchange Rate,Exchange rates on BTIFinex exchange. Updated at 7:00pm EST.,2021-07-18 23:18:52,2021-03-25,2021-07-18
SUNUSD,SUN/USD Exchange Rate,Exchange rates on BTIFinex exchange. Updated at 7:00pm EST.,2021-07-18 23:18:52,2020-12-08,2021-07-18
SUNUST,SUN/UST Exchange Rate,Exchange rates on BTIFinex exchange. Updated at 7:00pm EST.,2021-07-18 23:18:52,2020-12-08,2021-07-18
SUSHIUSD,SUS/HI:USD Exchange Rate,Exchange rates on BTIFinex exchange. Updated at 7:00pm EST.,2021-07-18 23:18:52,2021-01-11,2021-07-18
SUSHIUST,SUS/HI:UST Exchange Rate,Exchange rates on BTIFinex exchange. Updated at 7:00pm EST.,2021-07-18 23:18:52,2021-01-11,2021-07-18
SWMETH,SWM/ETH Exchange Rate,Exchange rates on BTIFinex exchange. Updated at 7:00pm EST.,2020-03-25 23:23:03,2019-06-24,2020-03-25
SWMUSD,SWM/USD Exchange Rate,Exchange rates on BTIFinex exchange. Updated at 7:00pm EST.,2021-03-26 23:19:26,2019-06-24,2021-03-26
TERRAUSTUSD,TER/RAUST:USD Exchange Rate,Exchange rates on BTIFinex exchange. Updated at 7:00pm EST.,2021-07-18 23:18:52,2021-07-14,2021-07-18
TERRAUSTUST,TER/RAUST:UST Exchange Rate,Exchange rates on BTIFinex exchange. Updated at 7:00pm EST.,2021-07-18 23:18:52,2021-07-14,2021-07-18
TESTBTCF0TESTUSDTF0,TES/TBTCF0:TESTUSDTF0 Exchange Rate,Exchange rates on BTIFinex exchange. Updated at 7:00pm EST.,2021-07-18 23:18:52,2020-07-06,2021-07-18
TESTBTCTESTUSD,TES/TBTC:TESTUSD Exchange Rate,Exchange rates on BTIFinex exchange. Updated at 7:00pm EST.,2021-07-18 23:18:52,2020-06-24,2021-07-18
TESTBTCTESTUSDT,TES/TBTC:TESTUSDT Exchange Rate,Exchange rates on BTIFinex exchange. Updated at 7:00pm EST.,2021-07-18 23:18:52,2020-06-24,2021-07-18
TH1BTC,TH1/BTC Exchange Rate,Exchange rates on BTIFinex exchange. Updated at 6:00pm EST.,2014-12-14 23:08:35,2014-09-16,2014-12-14
TKNETH,TKN/ETH Exchange Rate,Exchange rates on BTIFinex exchange. Updated at 7:00pm EST.,2020-03-25 23:23:03,2018-09-06,2020-03-25
TKNUSD,TKN/USD Exchange Rate,Exchange rates on BTIFinex exchange. Updated at 7:00pm EST.,2021-03-26 23:19:26,2018-09-06,2021-03-26
TNBBTC,TNB/BTC Exchange Rate,Exchange rates on BTIFinex exchange. Updated at 7:00pm EST.,2020-10-22 23:18:09,2018-07-05,2020-10-22
TNBETH,TNB/ETH Exchange Rate,Exchange rates on BTIFinex exchange. Updated at 7:00pm EST.,2020-08-19 23:17:09,2018-07-05,2020-08-19
TNBUSD,TNB/USD Exchange Rate,Exchange rates on BTIFinex exchange. Updated at 7:00pm EST.,2021-01-14 00:17:26,2018-07-05,2021-01-13
TRIETH,TRI/ETH Exchange Rate,Exchange rates on BTIFinex exchange. Updated at 7:00pm EST.,2020-03-14 23:27:39,2019-06-24,2020-03-14
TRIUSD,TRI/USD Exchange Rate,Exchange rates on BTIFinex exchange. Updated at 7:00pm EST.,2021-03-26 23:19:26,2019-06-24,2021-03-26
TRXBTC,TRX/BTC Exchange Rate,Exchange rates on BTIFinex exchange. Updated at 7:00pm EST.,2021-07-18 23:18:52,2018-07-05,2021-07-18
TRXETH,TRX/ETH Exchange Rate,Exchange rates on BTIFinex exchange. Updated at 7:00pm EST.,2021-07-18 23:18:52,2018-07-05,2021-07-18
TRXEUR,TRX/EUR Exchange Rate,Exchange rates on BTIFinex exchange. Updated at 7:00pm EST.,2021-07-18 23:18:52,2018-10-04,2021-07-18
TRXGBP,TRX/GBP Exchange Rate,Exchange rates on BTIFinex exchange. Updated at 7:00pm EST.,2020-10-22 23:18:09,2018-10-04,2020-10-22
TRXJPY,TRX/JPY Exchange Rate,Exchange rates on BTIFinex exchange. Updated at 7:00pm EST.,2020-08-19 23:17:09,2018-10-04,2020-08-19
TRXUSD,TRX/USD Exchange Rate,Exchange rates on BTIFinex exchange. Updated at 7:00pm EST.,2021-07-18 23:18:52,2018-07-05,2021-07-18
TSDUSD,TSD/USD Exchange Rate,Exchange rates on BTIFinex exchange. Updated at 7:00pm EST.,2021-07-18 23:18:52,2018-12-04,2021-07-18
TSDUST,TSD/UST Exchange Rate,Exchange rates on BTIFinex exchange. Updated at 7:00pm EST.,2021-07-18 23:18:52,2019-08-27,2021-07-18
UDCUSD,UDC/USD Exchange Rate,Exchange rates on BTIFinex exchange. Updated at 7:00pm EST.,2021-07-18 23:18:52,2018-12-04,2021-07-18
UDCUST,UDC/UST Exchange Rate,Exchange rates on BTIFinex exchange. Updated at 7:00pm EST.,2021-07-18 23:18:52,2019-08-27,2021-07-18
UFRETH,UFR/ETH Exchange Rate,Exchange rates on BTIFinex exchange. Updated at 7:00pm EST.,2020-03-25 23:23:03,2019-05-28,2020-03-25
UFRUSD,UFR/USD Exchange Rate,Exchange rates on BTIFinex exchange. Updated at 7:00pm EST.,2020-11-23 00:18:01,2019-05-28,2020-11-22
UNIF0USTF0,UNI/F0:USTF0 Exchange Rate,Exchange rates on BTIFinex exchange. Updated at 7:00pm EST.,2021-07-18 23:18:52,2020-11-18,2021-07-18
UNIUSD,UNI/USD Exchange Rate,Exchange rates on BTIFinex exchange. Updated at 7:00pm EST.,2021-07-18 23:18:52,2020-09-18,2021-07-18
UNIUST,UNI/UST Exchange Rate,Exchange rates on BTIFinex exchange. Updated at 7:00pm EST.,2021-07-18 23:18:52,2020-09-18,2021-07-18
UOPUSD,UOP/USD Exchange Rate,Exchange rates on BTIFinex exchange. Updated at 7:00pm EST.,2021-07-18 23:18:52,2020-12-13,2021-07-18
UOPUST,UOP/UST Exchange Rate,Exchange rates on BTIFinex exchange. Updated at 7:00pm EST.,2021-07-18 23:18:52,2020-12-13,2021-07-18
UOSBTC,UOS/BTC Exchange Rate,Exchange rates on BTIFinex exchange. Updated at 7:00pm EST.,2021-07-18 23:18:52,2019-07-18,2021-07-18
UOSUSD,UOS/USD Exchange Rate,Exchange rates on BTIFinex exchange. Updated at 7:00pm EST.,2021-07-18 23:18:52,2019-07-18,2021-07-18
USKBTC,USK/BTC Exchange Rate,Exchange rates on BTIFinex exchange. Updated at 7:00pm EST.,2020-08-19 23:17:09,2019-06-13,2020-08-19
USKEOS,USK/EOS Exchange Rate,Exchange rates on BTIFinex exchange. Updated at 7:00pm EST.,2020-08-19 23:17:09,2019-06-13,2020-08-19
USKETH,USK/ETH Exchange Rate,Exchange rates on BTIFinex exchange. Updated at 7:00pm EST.,2020-08-19 23:17:09,2019-06-13,2020-08-19
USKUSD,USK/USD Exchange Rate,Exchange rates on BTIFinex exchange. Updated at 7:00pm EST.,2021-06-21 23:18:45,2019-06-13,2021-06-21
USKUST,USK/UST Exchange Rate,Exchange rates on BTIFinex exchange. Updated at 7:00pm EST.,2020-08-19 23:17:09,2019-06-13,2020-08-19
USTCNHT,UST/:CNHT Exchange Rate,Exchange rates on BTIFinex exchange. Updated at 7:00pm EST.,2021-07-18 23:18:52,2019-09-10,2021-07-18
USTUSD,UST/USD Exchange Rate,Exchange rates on BTIFinex exchange. Updated at 7:00pm EST.,2021-07-18 23:18:52,2018-11-27,2021-07-18
UTKBTC,UTK/BTC Exchange Rate,Exchange rates on BTIFinex exchange. Updated at 7:00pm EST.,2020-03-25 23:23:03,2018-07-05,2020-03-25
UTKETH,UTK/ETH Exchange Rate,Exchange rates on BTIFinex exchange. Updated at 7:00pm EST.,2020-03-25 23:23:03,2018-07-05,2020-03-25
UTKUSD,UTK/USD Exchange Rate,Exchange rates on BTIFinex exchange. Updated at 7:00pm EST.,2021-07-18 23:18:52,2018-07-05,2021-07-18
UTNETH,UTN/ETH Exchange Rate,Exchange rates on BTIFinex exchange. Updated at 7:00pm EST.,2020-03-14 23:27:33,2018-09-06,2020-03-14
UTNUSD,UTN/USD Exchange Rate,Exchange rates on BTIFinex exchange. Updated at 7:00pm EST.,2020-12-15 00:17:42,2018-09-06,2020-12-14
VEEBTC,VEE/BTC Exchange Rate,Exchange rates on BTIFinex exchange. Updated at 7:00pm EST.,2020-03-14 23:27:32,2018-07-05,2020-03-14
VEEETH,VEE/ETH Exchange Rate,Exchange rates on BTIFinex exchange. Updated at 7:00pm EST.,2020-03-25 23:23:03,2018-07-05,2020-03-25
VEEUSD,VEE/USD Exchange Rate,Exchange rates on BTIFinex exchange. Updated at 7:00pm EST.,2021-07-18 23:18:52,2018-07-05,2021-07-18
VELOUSD,VEL/O:USD Exchange Rate,Exchange rates on BTIFinex exchange. Updated at 7:00pm EST.,2021-07-18 23:18:52,2021-07-06,2021-07-18
VELOUST,VEL/O:UST Exchange Rate,Exchange rates on BTIFinex exchange. Updated at 7:00pm EST.,2021-07-18 23:18:52,2021-07-06,2021-07-18
VENBTC,VEN/BTC Exchange Rate,Exchange rates on BTIFinex exchange. Updated at 7:00pm EST.,2018-09-03 23:14:17,2018-07-05,2018-09-03
VENETH,VEN/ETH Exchange Rate,Exchange rates on BTIFinex exchange. Updated at 7:00pm EST.,2018-09-03 23:14:17,2018-07-05,2018-09-03
VENUSD,VEN/USD Exchange Rate,Exchange rates on BTIFinex exchange. Updated at 7:00pm EST.,2018-09-03 23:14:17,2018-07-05,2018-09-03
VETBTC,VET/BTC Exchange Rate,Exchange rates on BTIFinex exchange. Updated at 7:00pm EST.,2021-07-18 23:18:52,2018-09-04,2021-07-18
VETETH,VET/ETH Exchange Rate,Exchange rates on BTIFinex exchange. Updated at 7:00pm EST.,2020-03-25 23:23:03,2018-09-04,2020-03-25
VETUSD,VET/USD Exchange Rate,Exchange rates on BTIFinex exchange. Updated at 7:00pm EST.,2021-07-18 23:18:52,2018-09-04,2021-07-18
VLDETH,VLD/ETH Exchange Rate,Exchange rates on BTIFinex exchange. Updated at 7:00pm EST.,2020-03-14 23:27:33,2018-11-19,2020-03-14
VLDUSD,VLD/USD Exchange Rate,Exchange rates on BTIFinex exchange. Updated at 7:00pm EST.,2020-12-15 00:17:42,2018-11-19,2020-12-14
VSYBTC,VSY/BTC Exchange Rate,Exchange rates on BTIFinex exchange. Updated at 7:00pm EST.,2021-07-18 23:18:52,2019-01-18,2021-07-18
VSYUSD,VSY/USD Exchange Rate,Exchange rates on BTIFinex exchange. Updated at 7:00pm EST.,2021-07-18 23:18:52,2019-01-18,2021-07-18
WAXBTC,WAX/BTC Exchange Rate,Exchange rates on BTIFinex exchange. Updated at 7:00pm EST.,2020-10-22 23:18:09,2018-07-05,2020-10-22
WAXETH,WAX/ETH Exchange Rate,Exchange rates on BTIFinex exchange. Updated at 7:00pm EST.,2020-03-25 23:23:03,2018-07-05,2020-03-25
WAXUSD,WAX/USD Exchange Rate,Exchange rates on BTIFinex exchange. Updated at 7:00pm EST.,2021-07-18 23:18:52,2018-07-05,2021-07-18
WBTETH,WBT/ETH Exchange Rate,Exchange rates on BTIFinex exchange. Updated at 7:00pm EST.,2021-04-22 23:18:05,2019-05-02,2021-04-22
WBTUSD,WBT/USD Exchange Rate,Exchange rates on BTIFinex exchange. Updated at 7:00pm EST.,2021-07-18 23:18:52,2019-05-02,2021-07-18
WLOUSD,WLO/USD Exchange Rate,Exchange rates on BTIFinex exchange. Updated at 7:00pm EST.,2020-10-14 23:18:52,2018-11-19,2020-10-14
WLOXLM,WLO/XLM Exchange Rate,Exchange rates on BTIFinex exchange. Updated at 7:00pm EST.,2020-03-25 23:23:03,2018-11-19,2020-03-25
WPRBTC,WPR/BTC Exchange Rate,Exchange rates on BTIFinex exchange. Updated at 7:00pm EST.,2020-03-25 23:23:03,2018-07-26,2020-03-25
WPRETH,WPR/ETH Exchange Rate,Exchange rates on BTIFinex exchange. Updated at 7:00pm EST.,2020-03-25 23:23:03,2018-07-26,2020-03-25
WPRUSD,WPR/USD Exchange Rate,Exchange rates on BTIFinex exchange. Updated at 7:00pm EST.,2021-03-26 23:19:26,2018-07-26,2021-03-26
WTCETH,WTC/ETH Exchange Rate,Exchange rates on BTIFinex exchange. Updated at 7:00pm EST.,2020-03-25 23:23:03,2018-10-18,2020-03-25
WTCUSD,WTC/USD Exchange Rate,Exchange rates on BTIFinex exchange. Updated at 7:00pm EST.,2021-03-26 23:19:26,2018-10-18,2021-03-26
XAGF0USTF0,XAG/F0:USTF0 Exchange Rate,Exchange rates on BTIFinex exchange. Updated at 7:00pm EST.,2021-07-18 23:18:52,2020-10-26,2021-07-18
XAUTBTC,XAU/T:BTC Exchange Rate,Exchange rates on BTIFinex exchange. Updated at 7:00pm EST.,2021-07-18 23:18:52,2020-01-24,2021-07-18
XAUTF0BTCF0,XAU/TF0:BTCF0 Exchange Rate,Exchange rates on BTIFinex exchange. Updated at 7:00pm EST.,2021-07-18 23:18:52,2021-04-09,2021-07-18
XAUTF0USTF0,XAU/TF0:USTF0 Exchange Rate,Exchange rates on BTIFinex exchange. Updated at 7:00pm EST.,2021-07-18 23:18:52,2020-03-05,2021-07-18
XAUTUSD,XAU/T:USD Exchange Rate,Exchange rates on BTIFinex exchange. Updated at 7:00pm EST.,2021-07-18 23:18:52,2020-01-24,2021-07-18
XAUTUST,XAU/T:UST Exchange Rate,Exchange rates on BTIFinex exchange. Updated at 7:00pm EST.,2021-07-18 23:18:52,2020-01-24,2021-07-18
XCHETH,XCH/ETH Exchange Rate,Exchange rates on BTIFinex exchange. Updated at 7:00pm EST.,2021-04-22 23:18:05,2019-05-02,2021-04-22
XCHUSD,XCH/USD Exchange Rate,Exchange rates on BTIFinex exchange. Updated at 7:00pm EST.,2021-07-18 23:18:52,2019-05-02,2021-07-18
XDCUSD,XDC/USD Exchange Rate,Exchange rates on BTIFinex exchange. Updated at 7:00pm EST.,2021-07-18 23:18:52,2020-11-16,2021-07-18
XDCUST,XDC/UST Exchange Rate,Exchange rates on BTIFinex exchange. Updated at 7:00pm EST.,2021-07-18 23:18:52,2020-11-16,2021-07-18
XLMBTC,XLM/BTC Exchange Rate,Exchange rates on BTIFinex exchange. Updated at 7:00pm EST.,2021-07-18 23:18:52,2018-07-05,2021-07-18
XLMETH,XLM/ETH Exchange Rate,Exchange rates on BTIFinex exchange. Updated at 7:00pm EST.,2021-07-18 23:18:52,2018-07-05,2021-07-18
XLMEUR,XLM/EUR Exchange Rate,Exchange rates on BTIFinex exchange. Updated at 7:00pm EST.,2020-10-22 23:18:09,2018-07-05,2020-10-22
XLMF0USTF0,XLM/F0:USTF0 Exchange Rate,Exchange rates on BTIFinex exchange. Updated at 7:00pm EST.,2021-07-18 23:18:52,2021-02-03,2021-07-18
XLMGBP,XLM/GBP Exchange Rate,Exchange rates on BTIFinex exchange. Updated at 7:00pm EST.,2020-10-22 23:18:09,2018-07-05,2020-10-22
XLMJPY,XLM/JPY Exchange Rate,Exchange rates on BTIFinex exchange. Updated at 7:00pm EST.,2020-03-25 23:23:03,2018-07-05,2020-03-25
XLMUSD,XLM/USD Exchange Rate,Exchange rates on BTIFinex exchange. Updated at 7:00pm EST.,2021-07-18 23:18:52,2018-07-05,2021-07-18
XLMUST,XLM/UST Exchange Rate,Exchange rates on BTIFinex exchange. Updated at 7:00pm EST.,2021-07-18 23:18:52,2021-02-03,2021-07-18
XMRBTC,XMR/BTC Exchange Rate,Exchange rates on BTIFinex exchange. Updated at 7:00pm EST.,2021-07-18 23:18:52,2016-12-01,2021-07-18
XMRUSD,XMR/USD Exchange Rate,Exchange rates on BTIFinex exchange. Updated at 7:00pm EST.,2021-07-18 23:18:52,2016-12-01,2021-07-18
XMRUST,XMR/UST Exchange Rate,Exchange rates on BTIFinex exchange. Updated at 7:00pm EST.,2021-07-18 23:18:52,2020-12-18,2021-07-18
XRAETH,XRA/ETH Exchange Rate,Exchange rates on BTIFinex exchange. Updated at 7:00pm EST.,2020-03-25 23:23:03,2018-08-09,2020-03-25
XRAUSD,XRA/USD Exchange Rate,Exchange rates on BTIFinex exchange. Updated at 7:00pm EST.,2021-07-18 23:18:52,2018-08-09,2021-07-18
XRPBTC,XRP/BTC Exchange Rate,Exchange rates on BTIFinex exchange. Updated at 7:00pm EST.,2021-07-18 23:18:52,2017-05-19,2021-07-18
XRPUSD,XRP/USD Exchange Rate,Exchange rates on BTIFinex exchange. Updated at 7:00pm EST.,2021-07-18 23:18:52,2017-05-19,2021-07-18
XRPUST,XRP/UST Exchange Rate,Exchange rates on BTIFinex exchange. Updated at 7:00pm EST.,2021-07-18 23:18:52,2020-12-18,2021-07-18
XSNUSD,XSN/USD Exchange Rate,Exchange rates on BTIFinex exchange. Updated at 7:00pm EST.,2021-07-18 23:18:52,2021-01-12,2021-07-18
XTZBTC,XTZ/BTC Exchange Rate,Exchange rates on BTIFinex exchange. Updated at 7:00pm EST.,2021-07-18 23:18:52,2018-09-17,2021-07-18
XTZUSD,XTZ/USD Exchange Rate,Exchange rates on BTIFinex exchange. Updated at 7:00pm EST.,2021-07-18 23:18:52,2018-09-17,2021-07-18
XVGBTC,XVG/BTC Exchange Rate,Exchange rates on BTIFinex exchange. Updated at 7:00pm EST.,2020-10-22 23:18:09,2018-07-05,2020-10-22
XVGETH,XVG/ETH Exchange Rate,Exchange rates on BTIFinex exchange. Updated at 7:00pm EST.,2020-03-14 23:27:32,2018-07-05,2020-03-14
XVGEUR,XVG/EUR Exchange Rate,Exchange rates on BTIFinex exchange. Updated at 7:00pm EST.,2020-03-25 23:23:03,2018-07-05,2020-03-25
XVGGBP,XVG/GBP Exchange Rate,Exchange rates on BTIFinex exchange. Updated at 7:00pm EST.,2020-03-25 23:23:03,2018-07-05,2020-03-25
XVGJPY,XVG/JPY Exchange Rate,Exchange rates on BTIFinex exchange. Updated at 7:00pm EST.,2020-03-14 23:27:32,2018-07-05,2020-03-14
XVGUSD,XVG/USD Exchange Rate,Exchange rates on BTIFinex exchange. Updated at 7:00pm EST.,2021-07-18 23:18:52,2018-07-05,2021-07-18
YFIUSD,YFI/USD Exchange Rate,Exchange rates on BTIFinex exchange. Updated at 7:00pm EST.,2021-07-18 23:18:52,2020-10-02,2021-07-18
YFIUST,YFI/UST Exchange Rate,Exchange rates on BTIFinex exchange. Updated at 7:00pm EST.,2021-07-18 23:18:52,2020-10-02,2021-07-18
YGGETH,YGG/ETH Exchange Rate,Exchange rates on BTIFinex exchange. Updated at 7:00pm EST.,2020-03-14 23:27:33,2018-10-18,2020-03-14
YGGUSD,YGG/USD Exchange Rate,Exchange rates on BTIFinex exchange. Updated at 7:00pm EST.,2021-07-18 23:18:52,2018-10-18,2021-07-18
YYWBTC,YYW/BTC Exchange Rate,Exchange rates on BTIFinex exchange. Updated at 7:00pm EST.,2020-03-14 23:27:31,2018-07-05,2020-03-14
YYWETH,YYW/ETH Exchange Rate,Exchange rates on BTIFinex exchange. Updated at 7:00pm EST.,2020-03-25 23:23:03,2018-07-05,2020-03-25
YYWUSD,YYW/USD Exchange Rate,Exchange rates on BTIFinex exchange. Updated at 7:00pm EST.,2021-06-21 23:18:45,2018-07-05,2021-06-21
ZBTUSD,ZBT/USD Exchange Rate,Exchange rates on BTIFinex exchange. Updated at 7:00pm EST.,2021-06-21 23:18:45,2019-05-28,2021-06-21
ZBTUST,ZBT/UST Exchange Rate,Exchange rates on BTIFinex exchange. Updated at 7:00pm EST.,2020-03-25 23:23:03,2019-05-28,2020-03-25
ZCNBTC,ZCN/BTC Exchange Rate,Exchange rates on BTIFinex exchange. Updated at 7:00pm EST.,2020-03-25 23:23:03,2018-07-05,2020-03-25
ZCNETH,ZCN/ETH Exchange Rate,Exchange rates on BTIFinex exchange. Updated at 7:00pm EST.,2020-03-25 23:23:03,2018-07-05,2020-03-25
ZCNUSD,ZCN/USD Exchange Rate,Exchange rates on BTIFinex exchange. Updated at 7:00pm EST.,2021-07-18 23:18:52,2018-07-05,2021-07-18
ZECBTC,ZEC/BTC Exchange Rate,Exchange rates on BTIFinex exchange. Updated at 7:00pm EST.,2021-07-18 23:18:52,2016-10-28,2021-07-18
ZECUSD,ZEC/USD Exchange Rate,Exchange rates on BTIFinex exchange. Updated at 7:00pm EST.,2021-07-18 23:18:52,2016-10-28,2021-07-18
ZILBTC,ZIL/BTC Exchange Rate,Exchange rates on BTIFinex exchange. Updated at 7:00pm EST.,2021-07-18 23:18:52,2018-07-26,2021-07-18
ZILETH,ZIL/ETH Exchange Rate,Exchange rates on BTIFinex exchange. Updated at 7:00pm EST.,2020-03-25 23:23:03,2018-07-26,2020-03-25
ZILUSD,ZIL/USD Exchange Rate,Exchange rates on BTIFinex exchange. Updated at 7:00pm EST.,2021-07-18 23:18:52,2018-07-26,2021-07-18
ZRXBTC,ZRX/BTC Exchange Rate,Exchange rates on BTIFinex exchange. Updated at 7:00pm EST.,2021-07-18 23:18:52,2018-07-05,2021-07-18
ZRXDAI,ZRX/DAI Exchange Rate,Exchange rates on BTIFinex exchange. Updated at 7:00pm EST.,2020-03-14 23:27:33,2019-01-31,2020-03-14
ZRXETH,ZRX/ETH Exchange Rate,Exchange rates on BTIFinex exchange. Updated at 7:00pm EST.,2021-07-18 23:18:52,2018-07-05,2021-07-18
ZRXUSD,ZRX/USD Exchange Rate,Exchange rates on BTIFinex exchange. Updated at 7:00pm EST.,2021-07-18 23:18:52,2018-07-05,2021-07-18
